,DateTime,Depth_m,ID,geometry,lat,lon
0,54:53.8,0.3475,100008,POINT (-148.9522216667 69.14315166670001),69.1431516667,-148.9522216667
1,54:54.2,0.4748,100009,POINT (-148.9522333333 69.14315000000001),69.14315,-148.9522333333
2,54:54.8,0.5737,100010,POINT (-148.952215 69.1431316667),69.1431316667,-148.952215
3,4/15/2017 12:54,0.5148,100011,POINT (-148.9521983333 69.143125),69.143125,-148.9521983333
4,54:55.5,0.6465,100012,POINT (-148.9521833333 69.14311168330001),69.1431116833,-148.9521833333
5,4/15/2017 12:54,0.6721,100013,POINT (-148.9521866667 69.14310166670001),69.1431016667,-148.9521866667
6,54:56.5,0.6048,100014,POINT (-148.9521883333 69.143095),69.143095,-148.9521883333
7,4/15/2017 12:54,0.6415,100015,POINT (-148.952165 69.143085),69.143085,-148.952165
8,54:57.5,0.6577,100016,POINT (-148.9521583333 69.143075),69.143075,-148.9521583333
9,4/15/2017 12:54,0.5848,100017,POINT (-148.95216 69.14306000000001),69.14306,-148.95216
10,54:58.3,0.5459,100018,POINT (-148.9521633333 69.1430516667),69.1430516667,-148.9521633333
11,54:58.7,0.5804,100019,POINT (-148.9521666667 69.1430433333),69.1430433333,-148.9521666667
12,54:59.2,0.5504,100020,POINT (-148.9521683333 69.1430316667),69.1430316667,-148.9521683333
13,54:59.5,0.5342,100021,POINT (-148.952165 69.14301500000001),69.143015,-148.952165
14,55:00.2,0.6143,100022,POINT (-148.9521783333 69.1430033333),69.1430033333,-148.9521783333
15,55:00.7,0.5976,100023,POINT (-148.9521683333 69.1429966667),69.1429966667,-148.9521683333
16,55:01.3,0.5203,100024,POINT (-148.9521766667 69.1429883333),69.1429883333,-148.9521766667
17,55:01.8,0.4598,100025,POINT (-148.952175 69.14297833329999),69.1429783333,-148.952175
18,55:02.2,0.5793,100026,POINT (-148.95218 69.1429683333),69.1429683333,-148.95218
19,55:02.8,0.4236,100027,POINT (-148.9521616667 69.1429616667),69.1429616667,-148.9521616667
20,55:03.3,0.4547,100028,POINT (-148.9521583333 69.14295),69.14295,-148.9521583333
21,4/15/2017 12:55,0.5331,100029,POINT (-148.9521516667 69.14294),69.14294,-148.9521516667
22,55:04.5,0.6126,100030,POINT (-148.9521416667 69.14292833330001),69.1429283333,-148.9521416667
23,55:04.8,0.6471,100031,POINT (-148.9521466667 69.1429033333),69.1429033333,-148.9521466667
24,55:05.2,0.4781,100032,POINT (-148.9521466667 69.142895),69.142895,-148.9521466667
25,55:05.8,0.6788,100033,POINT (-148.952155 69.14287831670001),69.1428783167,-148.952155
26,55:06.3,0.6204,100034,POINT (-148.9521533333 69.1428766667),69.1428766667,-148.9521533333
27,4/15/2017 12:55,0.5415,100035,POINT (-148.9521383333 69.14286665),69.14286665,-148.9521383333
28,55:07.5,0.5782,100036,POINT (-148.9521266667 69.1428583333),69.1428583333,-148.9521266667
29,55:07.8,0.656,100037,POINT (-148.95214 69.14284000000001),69.14284,-148.95213999999999
30,55:08.5,0.6388,100038,POINT (-148.952135 69.14283165000001),69.14283165,-148.952135
31,55:09.3,0.6032,100039,POINT (-148.95213 69.1428283333),69.1428283333,-148.95213
32,4/15/2017 12:55,0.5865,100040,POINT (-148.9521283333 69.1428183333),69.1428183333,-148.9521283333
33,55:10.5,0.5893,100041,POINT (-148.9521283333 69.142805),69.142805,-148.9521283333
34,55:11.3,0.5715,100042,POINT (-148.9521216667 69.14279333330001),69.1427933333,-148.9521216667
35,4/15/2017 12:55,0.5882,100043,POINT (-148.95212 69.1427816667),69.1427816667,-148.95212
36,55:12.8,0.6927,100044,POINT (-148.9521216667 69.14277),69.14277,-148.9521216667
37,55:13.5,0.6454,100045,POINT (-148.9521233333 69.14276165),69.14276165,-148.9521233333
38,4/15/2017 12:55,0.7188,100046,POINT (-148.9521066667 69.14274666670001),69.1427466667,-148.9521066667
39,55:14.5,0.868,100047,POINT (-148.95212 69.1427250167),69.1427250167,-148.95212
40,55:14.7,0.951,100048,POINT (-148.9521133333 69.1427183333),69.1427183333,-148.9521133333
41,4/15/2017 12:55,1.025,100049,POINT (-148.9520833333 69.14270666669999),69.1427066667,-148.9520833333
42,55:15.2,1.25,100050,POINT (-148.9520916667 69.14270666669999),69.1427066667,-148.9520916667
43,55:15.8,1.45,100051,POINT (-148.95208 69.14270331669999),69.1427033167,-148.95208
44,55:16.2,1.6,100052,POINT (-148.952085 69.1426883333),69.1426883333,-148.952085
45,55:16.7,1.51,100053,POINT (-148.9520766667 69.1426766667),69.1426766667,-148.9520766667
46,55:17.3,1.26,100054,POINT (-148.95212 69.1426799833),69.1426799833,-148.95212
47,55:17.7,1.29,100055,POINT (-148.9521266667 69.1426799833),69.1426799833,-148.9521266667
48,55:18.5,1.38,100056,POINT (-148.95211 69.14266166669999),69.1426616667,-148.95211
49,4/15/2017 12:55,1.37,100057,POINT (-148.95214 69.142645),69.142645,-148.95213999999999
50,55:19.7,1.32,100058,POINT (-148.95212 69.14262001669999),69.1426200167,-148.95212
51,55:20.3,1.33,100059,POINT (-148.952125 69.14261333330001),69.1426133333,-148.952125
52,4/15/2017 12:55,1.194,100060,POINT (-148.952145 69.1426016667),69.1426016667,-148.952145
53,55:21.5,1.25,100061,POINT (-148.9521133333 69.14258),69.14258,-148.9521133333
54,4/15/2017 12:55,1.33,100062,POINT (-148.9521266667 69.1425633333),69.1425633333,-148.9521266667
55,55:22.7,1.198,100063,POINT (-148.952095 69.1425466667),69.1425466667,-148.952095
56,55:23.5,1.122,100064,POINT (-148.9521 69.1425533333),69.1425533333,-148.9521
57,4/15/2017 12:55,0.979,100065,POINT (-148.952105 69.1425416667),69.1425416667,-148.952105
58,55:24.7,1.069,100066,POINT (-148.95208 69.1425183333),69.1425183333,-148.95208
59,55:25.5,1.057,100067,POINT (-148.952085 69.1425066667),69.1425066667,-148.952085
60,55:26.2,0.961,100068,POINT (-148.9520983333 69.1424933333),69.1424933333,-148.9520983333
61,55:26.8,0.967,100069,POINT (-148.9520833333 69.14249),69.14249,-148.9520833333
62,55:27.5,1.033,100070,POINT (-148.9520733333 69.14248666669999),69.1424866667,-148.9520733333
63,4/15/2017 12:55,1.096,100071,POINT (-148.9520766667 69.14247833330001),69.1424783333,-148.9520766667
64,55:28.8,1.005,100072,POINT (-148.9520783333 69.142475),69.142475,-148.9520783333
65,55:29.2,0.809,100073,POINT (-148.95209 69.142455),69.142455,-148.95209
66,4/15/2017 12:55,0.868,100074,POINT (-148.952075 69.1424449833),69.1424449833,-148.952075
67,55:30.5,0.925,100075,POINT (-148.952055 69.14243833330001),69.1424383333,-148.952055
68,4/15/2017 12:55,0.866,100076,POINT (-148.9520633333 69.1424266667),69.1424266667,-148.9520633333
69,55:31.5,0.885,100077,POINT (-148.952075 69.1424166667),69.1424166667,-148.952075
70,4/15/2017 12:55,0.588,100078,POINT (-148.951965 69.1431866667),69.1431866667,-148.951965
71,55:32.7,0.6402,100079,POINT (-148.951965 69.1431816833),69.1431816833,-148.951965
72,55:33.5,0.6664,100080,POINT (-148.95195 69.143175),69.143175,-148.95195
73,55:34.2,0.6319,100081,POINT (-148.951935 69.1431666667),69.1431666667,-148.951935
74,55:34.8,0.5074,100082,POINT (-148.951915 69.1431433333),69.1431433333,-148.951915
75,55:35.2,0.5235,100083,POINT (-148.95192 69.1431433333),69.1431433333,-148.95192
76,55:35.7,0.568,100084,POINT (-148.9519283333 69.1431383333),69.1431383333,-148.9519283333
77,55:36.5,0.5552,100085,POINT (-148.95191 69.1431216667),69.1431216667,-148.95191
78,4/15/2017 12:55,0.5374,100086,POINT (-148.9518983333 69.14311499999999),69.143115,-148.9518983333
79,55:37.8,0.5324,100087,POINT (-148.9518933333 69.14310166670001),69.1431016667,-148.9518933333
80,55:38.5,0.6352,100088,POINT (-148.9518916667 69.1430916667),69.1430916667,-148.9518916667
81,55:39.3,0.5024,100089,POINT (-148.9518833333 69.14308),69.14308,-148.9518833333
82,4/15/2017 12:55,0.4846,100090,POINT (-148.9518933333 69.14306999999999),69.14307,-148.9518933333
83,55:40.5,0.6525,100091,POINT (-148.9518983333 69.14305666670001),69.1430566667,-148.9518983333
84,55:41.3,0.4791,100092,POINT (-148.951885 69.1430466667),69.1430466667,-148.951885
85,4/15/2017 12:55,0.6775,100093,POINT (-148.95189 69.14302499999999),69.143025,-148.95189
86,4/15/2017 12:55,0.5574,100094,POINT (-148.9518766667 69.14302166669999),69.1430216667,-148.9518766667
87,55:43.7,0.5502,100095,POINT (-148.95187 69.1430116667),69.1430116667,-148.95187
88,55:44.5,0.6825,100096,POINT (-148.9518816667 69.1430066833),69.1430066833,-148.9518816667
89,4/15/2017 12:55,0.6291,100097,POINT (-148.95186 69.143),69.143,-148.95186
90,55:45.8,0.6502,100098,POINT (-148.9518733333 69.1429883333),69.1429883333,-148.9518733333
91,55:46.5,0.7942,100099,POINT (-148.951865 69.14297999999999),69.14298,-148.951865
92,4/15/2017 12:55,0.86,100100,POINT (-148.9518816667 69.1429599833),69.1429599833,-148.9518816667
93,55:47.8,0.841,100101,POINT (-148.9518483333 69.14295),69.14295,-148.9518483333
94,55:48.8,0.948,100102,POINT (-148.9518383333 69.14294),69.14294,-148.9518383333
95,55:49.5,0.949,100103,POINT (-148.95183 69.1429133167),69.1429133167,-148.95183
96,55:50.2,0.93,100104,POINT (-148.951825 69.1429083333),69.1429083333,-148.951825
97,4/15/2017 12:55,0.952,100105,POINT (-148.9518383333 69.14290165),69.14290165,-148.9518383333
98,55:51.7,1.119,100106,POINT (-148.9518366667 69.14288666669999),69.1428866667,-148.9518366667
99,55:52.5,1.148,100107,POINT (-148.951815 69.14288166670001),69.1428816667,-148.951815
100,55:53.2,1.12,100108,POINT (-148.9518083333 69.1428733333),69.1428733333,-148.9518083333
101,4/15/2017 12:55,1.043,100109,POINT (-148.9518066667 69.1428616667),69.1428616667,-148.9518066667
102,55:54.7,1.127,100110,POINT (-148.951805 69.14284499999999),69.142845,-148.951805
103,55:55.5,1.072,100111,POINT (-148.9517966667 69.1428266667),69.1428266667,-148.9517966667
104,55:56.2,1.075,100112,POINT (-148.9517783333 69.142825),69.142825,-148.9517783333
105,55:56.8,1.05,100113,POINT (-148.9517883333 69.1428183333),69.1428183333,-148.9517883333
106,55:57.3,1.198,100114,POINT (-148.9517733333 69.14281),69.14281,-148.9517733333
107,55:57.7,1.24,100115,POINT (-148.9517583333 69.1428083167),69.1428083167,-148.9517583333
108,55:58.2,1.067,100116,POINT (-148.951775 69.1428083167),69.1428083167,-148.951775
109,4/15/2017 12:55,1.28,100117,POINT (-148.9517633333 69.14279833329999),69.1427983333,-148.9517633333
110,55:59.7,1.46,100118,POINT (-148.951785 69.1427866667),69.1427866667,-148.951785
111,56:00.3,1.4,100119,POINT (-148.951775 69.14275833329999),69.1427583333,-148.951775
112,4/15/2017 12:56,1.39,100120,POINT (-148.9517833333 69.142775),69.142775,-148.9517833333
113,56:01.5,1.47,100121,POINT (-148.9517833333 69.14276),69.14276,-148.9517833333
114,4/15/2017 12:56,1.52,100122,POINT (-148.9517583333 69.1427333333),69.1427333333,-148.9517583333
115,56:02.5,1.53,100123,POINT (-148.9517316667 69.1427366833),69.1427366833,-148.9517316667
116,4/15/2017 12:56,1.61,100124,POINT (-148.9517416667 69.1427183333),69.1427183333,-148.9517416667
117,56:03.8,1.66,100125,POINT (-148.95175 69.14270833330001),69.1427083333,-148.95175
118,56:04.5,1.77,100126,POINT (-148.9517466667 69.1426933333),69.1426933333,-148.9517466667
119,4/15/2017 12:56,1.83,100127,POINT (-148.9517333333 69.1426900167),69.1426900167,-148.9517333333
120,56:05.5,1.75,100128,POINT (-148.9516966667 69.1426799833),69.1426799833,-148.9516966667
121,4/15/2017 12:56,1.75,100129,POINT (-148.9517266667 69.14266333330001),69.1426633333,-148.9517266667
122,56:06.5,1.78,100130,POINT (-148.951705 69.14266833329999),69.1426683333,-148.951705
123,56:07.2,1.49,100131,POINT (-148.9516833333 69.1426533333),69.1426533333,-148.9516833333
124,4/15/2017 12:56,1.56,100132,POINT (-148.951695 69.142645),69.142645,-148.951695
125,56:08.7,1.38,100133,POINT (-148.9517016667 69.14263),69.14263,-148.9517016667
126,56:09.2,1.37,100134,POINT (-148.951685 69.1426066667),69.1426066667,-148.951685
127,56:09.8,0.802,100135,POINT (-148.95169 69.1425966833),69.1425966833,-148.95169
128,56:10.7,0.907,100136,POINT (-148.951685 69.1425916667),69.1425916667,-148.951685
129,56:11.5,0.843,100137,POINT (-148.9516766667 69.14257166669999),69.1425716667,-148.9516766667
130,56:12.2,0.7284,100138,POINT (-148.95168 69.14257166669999),69.1425716667,-148.95168
131,56:12.8,0.7295,100139,POINT (-148.95167 69.14256666670001),69.1425666667,-148.95167
132,56:13.5,0.5901,100140,POINT (-148.951675 69.1425533333),69.1425533333,-148.951675
133,56:14.3,0.928,100141,POINT (-148.9516566667 69.1425416667),69.1425416667,-148.9516566667
134,4/15/2017 12:56,0.7812,100142,POINT (-148.9516616667 69.1425366667),69.1425366667,-148.9516616667
135,56:15.5,0.831,100143,POINT (-148.9516433333 69.1425183333),69.1425183333,-148.9516433333
136,56:16.3,0.6228,100144,POINT (-148.9516366667 69.1425066667),69.1425066667,-148.9516366667
137,56:16.7,0.7501,100145,POINT (-148.95165 69.142495),69.142495,-148.95165
138,56:17.5,0.5056,100146,POINT (-148.95146 69.143165),69.143165,-148.95146
139,56:18.5,0.4772,100147,POINT (-148.95146 69.143165),69.143165,-148.95146
140,4/15/2017 12:56,0.4306,100148,POINT (-148.95146 69.143165),69.143165,-148.95146
141,56:19.8,0.4867,100149,POINT (-148.9514583333 69.1431616667),69.1431616667,-148.9514583333
142,56:20.5,0.5772,100150,POINT (-148.9514583333 69.14315499999999),69.143155,-148.9514583333
143,56:21.3,0.4878,100151,POINT (-148.9514283333 69.14315000000001),69.14315,-148.9514283333
144,4/15/2017 12:56,0.3961,100152,POINT (-148.9514366667 69.1431383333),69.1431383333,-148.9514366667
145,4/15/2017 12:56,0.4689,100153,POINT (-148.9514366667 69.1431350167),69.1431350167,-148.9514366667
146,56:23.7,0.3533,100154,POINT (-148.9514283333 69.14312335),69.14312335,-148.9514283333
147,56:24.5,0.4967,100155,POINT (-148.9514416667 69.14310999999999),69.14311,-148.9514416667
148,56:25.2,0.5967,100156,POINT (-148.9514516667 69.14310166670001),69.1431016667,-148.9514516667
149,4/15/2017 12:56,0.5578,100157,POINT (-148.95143 69.1430916667),69.1430916667,-148.95143
150,56:26.5,0.5172,100158,POINT (-148.95143 69.1430866667),69.1430866667,-148.95143
151,56:27.3,0.6389,100159,POINT (-148.951445 69.14306999999999),69.14307,-148.951445
152,4/15/2017 12:56,0.7083,100160,POINT (-148.9514333333 69.14306833329999),69.1430683333,-148.9514333333
153,56:28.8,0.5639,100161,POINT (-148.9514366667 69.143055),69.143055,-148.9514366667
154,56:29.5,0.6306,100162,POINT (-148.9514083333 69.14305666670001),69.1430566667,-148.9514083333
155,56:30.3,0.6256,100163,POINT (-148.9514216667 69.1430483333),69.1430483333,-148.9514216667
156,4/15/2017 12:56,0.7345,100164,POINT (-148.951435 69.1430383333),69.1430383333,-148.951435
157,56:31.8,0.6322,100165,POINT (-148.9514433333 69.1430266667),69.1430266667,-148.9514433333
158,56:32.7,0.6433,100166,POINT (-148.9514516667 69.14301666670001),69.1430166667,-148.9514516667
159,56:33.8,0.7567,100167,POINT (-148.9514433333 69.1430066833),69.1430066833,-148.9514433333
160,56:34.5,0.795,100168,POINT (-148.95145 69.1429916667),69.1429916667,-148.95145
161,56:35.3,0.7728,100169,POINT (-148.9514366667 69.1429816667),69.1429816667,-148.9514366667
162,56:35.7,0.7739,100170,POINT (-148.951435 69.14297500000001),69.142975,-148.951435
163,56:36.8,0.7667,100171,POINT (-148.9514283333 69.1429599833),69.1429599833,-148.9514283333
164,56:37.5,0.909,100172,POINT (-148.951425 69.14295),69.14295,-148.951425
165,4/15/2017 12:56,0.937,100173,POINT (-148.9514116667 69.14293833329999),69.1429383333,-148.9514116667
166,56:38.8,0.984,100174,POINT (-148.9514283333 69.14292666670001),69.1429266667,-148.9514283333
167,56:39.8,1.021,100175,POINT (-148.951415 69.14292),69.14292,-148.951415
168,56:40.5,1.027,100176,POINT (-148.95144 69.14291),69.14291,-148.95144
169,56:41.2,1.024,100177,POINT (-148.95143 69.1428916667),69.1428916667,-148.95143
170,56:42.2,1.188,100178,POINT (-148.9514483333 69.14288333330001),69.1428833333,-148.9514483333
171,4/15/2017 12:56,1.29,100179,POINT (-148.9514383333 69.1428633333),69.1428633333,-148.9514383333
172,56:43.7,1.172,100180,POINT (-148.95143 69.14284166669999),69.1428416667,-148.95143
173,56:44.2,1.042,100181,POINT (-148.9514333333 69.14283),69.14283,-148.9514333333
174,4/15/2017 12:56,1.27,100182,POINT (-148.9514216667 69.1428199833),69.1428199833,-148.9514216667
175,56:45.5,1.39,100183,POINT (-148.95142 69.1428199833),69.1428199833,-148.95142
176,56:46.3,1.199,100184,POINT (-148.95141 69.1428183333),69.1428183333,-148.95141
177,56:46.8,1.077,100185,POINT (-148.95142 69.14279999999999),69.1428,-148.95142
178,56:47.5,1.014,100186,POINT (-148.9514116667 69.14279333330001),69.1427933333,-148.9514116667
179,56:48.3,1.046,100187,POINT (-148.9514033333 69.14279000000001),69.14279,-148.9514033333
180,56:48.7,1.023,100188,POINT (-148.95141 69.1427716667),69.1427716667,-148.95141
181,56:49.3,0.99,100189,POINT (-148.9513933333 69.1427666667),69.1427666667,-148.9513933333
182,56:49.8,0.968,100190,POINT (-148.9513916667 69.1427633333),69.1427633333,-148.9513916667
183,56:50.5,0.989,100191,POINT (-148.951385 69.14276),69.14276,-148.951385
184,4/15/2017 12:56,0.987,100192,POINT (-148.95138 69.1427416667),69.1427416667,-148.95138
185,56:51.5,0.993,100193,POINT (-148.951395 69.1427333333),69.1427333333,-148.951395
186,4/15/2017 12:56,1.045,100194,POINT (-148.9513733333 69.14272665),69.14272665,-148.9513733333
187,56:52.5,1.106,100195,POINT (-148.95139 69.1427116667),69.1427116667,-148.95139
188,4/15/2017 12:56,1.162,100196,POINT (-148.951395 69.14270666669999),69.1427066667,-148.951395
189,56:53.5,1.23,100197,POINT (-148.95139 69.1426933333),69.1426933333,-148.95139
190,4/15/2017 12:56,1.27,100198,POINT (-148.951385 69.1426883333),69.1426883333,-148.951385
191,56:54.5,1.27,100199,POINT (-148.9513983333 69.142675),69.142675,-148.9513983333
192,4/15/2017 12:56,1.3,100200,POINT (-148.9514033333 69.14267),69.14267,-148.9514033333
193,56:55.8,1.25,100201,POINT (-148.9513733333 69.14265),69.14265,-148.9513733333
194,56:56.3,1.199,100202,POINT (-148.9513866667 69.14264335),69.14264335,-148.9513866667
195,56:56.7,1.095,100203,POINT (-148.95137 69.14265),69.14265,-148.95137
196,56:57.3,0.991,100204,POINT (-148.9513666667 69.1426533333),69.1426533333,-148.9513666667
197,56:58.2,0.946,100205,POINT (-148.9513683333 69.14264335),69.14264335,-148.9513683333
198,56:58.7,0.6666,100206,POINT (-148.9513666667 69.1426383333),69.1426383333,-148.9513666667
199,56:59.5,0.4878,100207,POINT (-148.9513783333 69.1426283333),69.1426283333,-148.9513783333
200,57:00.2,0.65,100208,POINT (-148.951375 69.1426283333),69.1426283333,-148.951375
201,4/15/2017 12:57,0.435,100209,POINT (-148.951385 69.14261666669999),69.1426166667,-148.951385
202,57:01.5,0.6433,100210,POINT (-148.95138 69.142605),69.142605,-148.95138
203,57:02.3,0.7461,100211,POINT (-148.9513883333 69.1425883333),69.1425883333,-148.9513883333
204,4/15/2017 12:57,0.7572,100212,POINT (-148.9514033333 69.1425816667),69.1425816667,-148.9514033333
205,57:03.8,0.7411,100213,POINT (-148.9514 69.14257000000001),69.14257,-148.9514
206,57:04.5,0.7466,100214,POINT (-148.9513866667 69.142555),69.142555,-148.9513866667
207,57:05.3,0.7383,100215,POINT (-148.951385 69.1425483333),69.1425483333,-148.951385
208,4/15/2017 12:57,0.6166,100216,POINT (-148.95139 69.142535),69.142535,-148.95139
209,57:06.8,0.5649,100217,POINT (-148.9513683333 69.142535),69.142535,-148.9513683333
210,57:07.7,0.5349,100218,POINT (-148.95138 69.142535),69.142535,-148.95138
211,57:08.2,0.6033,100219,POINT (-148.9513883333 69.14252668330001),69.1425266833,-148.9513883333
212,57:08.8,0.7488,100220,POINT (-148.9513666667 69.14252),69.14252,-148.9513666667
213,57:09.2,0.825,100221,POINT (-148.951405 69.1425083333),69.1425083333,-148.951405
0,2017-04-15 12:45:52.5,0.5251,1510001,POINT (-148.9533766 69.14312),69.14312,-148.9533766
1,2017-04-15 12:45:53.25,0.4813,1510002,POINT (-148.9533784 69.1431183),69.1431183,-148.9533784
2,2017-04-15 12:45:54,0.6916,1510003,POINT (-148.953345 69.1431017),69.1431017,-148.953345
3,2017-04-15 12:45:54.5,0.5094,1510004,POINT (-148.9533234 69.1430867),69.1430867,-148.9533234
4,2017-04-15 12:45:55.25,0.6089,1510005,POINT (-148.9533017 69.1430617),69.1430617,-148.9533017
5,2017-04-15 12:45:55.75,0.4621,1510006,POINT (-148.9533183 69.14305330000001),69.1430533,-148.9533183
6,2017-04-15 12:45:56.5,0.5532,1510007,POINT (-148.953335 69.1430367),69.1430367,-148.953335
7,2017-04-15 12:45:57.25,0.5757,1510008,POINT (-148.9533417 69.1430117),69.1430117,-148.9533417
8,2017-04-15 12:45:58,0.5819,1510009,POINT (-148.9533434 69.14299339999999),69.1429934,-148.9533434
9,2017-04-15 12:45:58.75,0.4453,1510010,POINT (-148.9533434 69.1429783),69.1429783,-148.9533434
10,2017-04-15 12:45:59.5,0.6224,1510011,POINT (-148.9533417 69.1429533),69.1429533,-148.9533417
11,2017-04-15 12:46:00.25,0.5943,1510012,POINT (-148.95338 69.1429433),69.1429433,-148.95338
12,2017-04-15 12:46:01,0.6455,1510013,POINT (-148.953365 69.1429167),69.1429167,-148.953365
13,2017-04-15 12:46:01.75,0.6016,1510014,POINT (-148.95335 69.1429017),69.1429017,-148.95335
14,2017-04-15 12:46:02.5,0.628,1510015,POINT (-148.9533533 69.1428817),69.1428817,-148.9533533
15,2017-04-15 12:46:03,0.6753,1510016,POINT (-148.953355 69.1428667),69.1428667,-148.953355
16,2017-04-15 12:46:03.75,0.5195,1510017,POINT (-148.9533567 69.1428567),69.1428567,-148.9533567
17,2017-04-15 12:46:04.5,0.7,1510018,POINT (-148.9533533 69.14284000000001),69.14284,-148.9533533
18,2017-04-15 12:46:05.25,0.5313,1510019,POINT (-148.95334 69.1428267),69.1428267,-148.95334
19,2017-04-15 12:46:06,0.4914,1510020,POINT (-148.9533333 69.14282),69.14282,-148.9533333
20,2017-04-15 12:46:06.75,0.5549,1510021,POINT (-148.9533283 69.14281),69.14281,-148.9533283
21,2017-04-15 12:46:07.5,0.6899,1510022,POINT (-148.9533234 69.14279999999999),69.1428,-148.9533234
22,2017-04-15 12:46:08.25,0.6978,1510023,POINT (-148.9533266 69.1427817),69.1427817,-148.9533266
23,2017-04-15 12:46:08.75,0.7923,1510024,POINT (-148.9533167 69.1427683),69.1427683,-148.9533167
24,2017-04-15 12:46:09.25,0.826,1510025,POINT (-148.953305 69.1427533),69.1427533,-148.953305
25,2017-04-15 12:46:09.75,0.985,1510026,POINT (-148.9533066 69.14275000000001),69.14275,-148.9533066
26,2017-04-15 12:46:10.25,1.122,1510027,POINT (-148.953285 69.142735),69.142735,-148.953285
27,2017-04-15 12:46:11,1.2,1510028,POINT (-148.95328 69.14272),69.14272,-148.95328
28,2017-04-15 12:46:11.75,1.2,1510029,POINT (-148.953235 69.1426883),69.1426883,-148.953235
29,2017-04-15 12:46:12.5,1.199,1510030,POINT (-148.9532634 69.14267169999999),69.1426717,-148.9532634
30,2017-04-15 12:46:13,1.2,1510031,POINT (-148.9532683 69.1426633),69.1426633,-148.9532683
31,2017-04-15 12:46:13.5,0.956,1510032,POINT (-148.9532317 69.14265330000001),69.1426533,-148.9532317
32,2017-04-15 12:46:14,0.7956,1510033,POINT (-148.9532183 69.1426434),69.1426434,-148.9532183
33,2017-04-15 12:46:14.5,0.6859,1510034,POINT (-148.9532134 69.1426283),69.1426283,-148.9532134
34,2017-04-15 12:46:15,0.4632,1510035,POINT (-148.9532083 69.1426117),69.1426117,-148.9532083
35,2017-04-15 12:46:15.5,0.3564,1510036,POINT (-148.9531983 69.1425983),69.1425983,-148.9531983
36,2017-04-15 12:46:16,0.5555,1510037,POINT (-148.9531966 69.142585),69.142585,-148.9531966
37,2017-04-15 12:46:16.75,0.4756,1510038,POINT (-148.9532234 69.14257499999999),69.142575,-148.9532234
38,2017-04-15 12:46:17.5,0.4497,1510039,POINT (-148.9532083 69.1425433),69.1425433,-148.9532083
39,2017-04-15 12:46:18,0.4863,1510040,POINT (-148.95321 69.1425333),69.1425333,-148.95321
40,2017-04-15 12:46:18.5,0.4846,1510041,POINT (-148.9532001 69.1425167),69.1425167,-148.9532001
41,2017-04-15 12:46:19.25,0.3946,1510042,POINT (-148.953185 69.1424983),69.1424983,-148.953185
42,2017-04-15 12:46:20,0.407,1510043,POINT (-148.9531683 69.142475),69.142475,-148.9531683
43,2017-04-15 12:46:20.75,0.4846,1510044,POINT (-148.9531766 69.142465),69.142465,-148.9531766
44,2017-04-15 12:46:21.5,0.4435,1510045,POINT (-148.9531983 69.1424517),69.1424517,-148.9531983
45,2017-04-15 12:46:22,0.5307,1510046,POINT (-148.9531934 69.1424317),69.1424317,-148.9531934
46,2017-04-15 12:46:22.5,0.497,1510047,POINT (-148.9531734 69.1424183),69.1424183,-148.9531734
47,2017-04-15 12:46:23.25,0.3693,1510048,POINT (-148.9531601 69.1424033),69.1424033,-148.9531601
48,2017-04-15 12:46:24,0.538,1510049,POINT (-148.9531483 69.14238829999999),69.1423883,-148.9531483
49,2017-04-15 12:46:24.75,0.4531,1510050,POINT (-148.9529934 69.1431417),69.1431417,-148.9529934
50,2017-04-15 12:46:25.25,0.5026,1510051,POINT (-148.9530083 69.143135),69.143135,-148.9530083
51,2017-04-15 12:46:26,0.5987,1510052,POINT (-148.953 69.14312),69.14312,-148.953
52,2017-04-15 12:46:26.75,0.543,1510053,POINT (-148.953 69.14310330000001),69.1431033,-148.953
53,2017-04-15 12:46:27.5,0.5633,1510054,POINT (-148.9529983 69.143095),69.143095,-148.9529983
54,2017-04-15 12:46:28.25,0.4469,1510055,POINT (-148.9529983 69.1430817),69.1430817,-148.9529983
55,2017-04-15 12:46:28.75,0.5802,1510056,POINT (-148.95301 69.1430817),69.1430817,-148.95301
56,2017-04-15 12:46:29.5,0.5768,1510057,POINT (-148.953015 69.14306999999999),69.14307,-148.953015
57,2017-04-15 12:46:30,0.5425,1510058,POINT (-148.9530033 69.14305830000001),69.1430583,-148.9530033
58,2017-04-15 12:46:30.5,0.525,1510059,POINT (-148.9530067 69.14305),69.14305,-148.9530067
59,2017-04-15 12:46:31.25,0.5565,1510060,POINT (-148.9530116 69.1430367),69.1430367,-148.9530116
60,2017-04-15 12:46:32,0.5582,1510061,POINT (-148.9530083 69.1430283),69.1430283,-148.9530083
61,2017-04-15 12:46:32.75,0.5841,1510062,POINT (-148.9530067 69.14301829999999),69.1430183,-148.9530067
62,2017-04-15 12:46:33.25,0.5515,1510063,POINT (-148.9529917 69.14301),69.14301,-148.9529917
63,2017-04-15 12:46:34,0.3608,1510064,POINT (-148.9529983 69.1429967),69.1429967,-148.9529983
64,2017-04-15 12:46:34.5,0.5745,1510065,POINT (-148.9530083 69.14298669999999),69.1429867,-148.9530083
65,2017-04-15 12:46:35,0.6499,1510066,POINT (-148.9530017 69.14297999999999),69.14298,-148.9530017
66,2017-04-15 12:46:35.75,0.5998,1510067,POINT (-148.9529817 69.1429667),69.1429667,-148.9529817
67,2017-04-15 12:46:36.25,0.6476,1510068,POINT (-148.95299 69.142955),69.142955,-148.95299
68,2017-04-15 12:46:36.75,0.5914,1510069,POINT (-148.9529917 69.1429467),69.1429467,-148.9529917
69,2017-04-15 12:46:37.5,0.5262,1510070,POINT (-148.953 69.1429433),69.1429433,-148.953
70,2017-04-15 12:46:38,0.6263,1510071,POINT (-148.9529866 69.14293670000001),69.1429367,-148.9529866
71,2017-04-15 12:46:38.5,0.5627,1510072,POINT (-148.952975 69.14292500000001),69.142925,-148.952975
72,2017-04-15 12:46:39.25,0.5734,1510073,POINT (-148.952965 69.14291830000001),69.1429183,-148.952965
73,2017-04-15 12:46:39.75,0.5627,1510074,POINT (-148.95296 69.1429033),69.1429033,-148.95296
74,2017-04-15 12:46:40.5,0.6527,1510075,POINT (-148.9529566 69.1428983),69.1428983,-148.9529566
75,2017-04-15 12:46:41,0.6904,1510076,POINT (-148.9529617 69.1428817),69.1428817,-148.9529617
76,2017-04-15 12:46:42,0.66,1510077,POINT (-148.9529517 69.1428767),69.1428767,-148.9529517
77,2017-04-15 12:46:42.75,0.5312,1510078,POINT (-148.9529434 69.142865),69.142865,-148.9529434
78,2017-04-15 12:46:43.5,0.6735,1510079,POINT (-148.9529434 69.14286),69.14286,-148.9529434
79,2017-04-15 12:46:44,0.7235,1510080,POINT (-148.9529517 69.14284670000001),69.1428467,-148.9529517
80,2017-04-15 12:46:44.75,0.7854,1510081,POINT (-148.9529434 69.1428317),69.1428317,-148.9529434
81,2017-04-15 12:46:45.5,0.7854,1510082,POINT (-148.9529383 69.142825),69.142825,-148.9529383
82,2017-04-15 12:46:46,0.926,1510083,POINT (-148.9529383 69.1428184),69.1428184,-148.9529383
83,2017-04-15 12:46:47,0.928,1510084,POINT (-148.9529066 69.14280170000001),69.1428017,-148.9529066
84,2017-04-15 12:46:47.75,0.891,1510085,POINT (-148.95291 69.1427983),69.1427983,-148.95291
85,2017-04-15 12:46:48.5,0.943,1510086,POINT (-148.9529066 69.1427783),69.1427783,-148.9529066
86,2017-04-15 12:46:49.25,1.01,1510087,POINT (-148.9529134 69.1427667),69.1427667,-148.9529134
87,2017-04-15 12:46:49.75,0.889,1510088,POINT (-148.9529134 69.14276169999999),69.1427617,-148.9529134
88,2017-04-15 12:46:50.5,0.962,1510089,POINT (-148.9529083 69.14276),69.14276,-148.9529083
89,2017-04-15 12:46:51.25,1.128,1510090,POINT (-148.9528917 69.14275170000001),69.1427517,-148.9528917
90,2017-04-15 12:46:52,1.177,1510091,POINT (-148.9528917 69.1427383),69.1427383,-148.9528917
91,2017-04-15 12:46:53,1.2,1510092,POINT (-148.9528834 69.1427233),69.1427233,-148.9528834
92,2017-04-15 12:46:53.5,1.2,1510093,POINT (-148.952905 69.142715),69.142715,-148.952905
93,2017-04-15 12:46:54,1.2,1510094,POINT (-148.9529066 69.14270999999999),69.14271,-148.9529066
94,2017-04-15 12:46:54.75,1.154,1510095,POINT (-148.9529117 69.14270329999999),69.1427033,-148.9529117
95,2017-04-15 12:46:55.25,0.946,1510096,POINT (-148.952895 69.1426883),69.1426883,-148.952895
96,2017-04-15 12:46:55.75,0.889,1510097,POINT (-148.952895 69.1426817),69.1426817,-148.952895
97,2017-04-15 12:46:56.5,0.802,1510098,POINT (-148.9528917 69.14267),69.14267,-148.9528917
98,2017-04-15 12:46:57.25,0.7893,1510099,POINT (-148.952895 69.14265829999999),69.1426583,-148.952895
99,2017-04-15 12:46:58,0.841,1510100,POINT (-148.9528866 69.142655),69.142655,-148.9528866
100,2017-04-15 12:46:58.5,0.7415,1510101,POINT (-148.9528917 69.1426483),69.1426483,-148.9528917
101,2017-04-15 12:46:59,0.6471,1510102,POINT (-148.9528817 69.1426367),69.1426367,-148.9528817
102,2017-04-15 12:46:59.5,0.5897,1510103,POINT (-148.9528834 69.1426233),69.1426233,-148.9528834
103,2017-04-15 12:47:00,0.6521,1510104,POINT (-148.952895 69.1426183),69.1426183,-148.952895
104,2017-04-15 12:47:00.5,0.7072,1510105,POINT (-148.952885 69.1426067),69.1426067,-148.952885
105,2017-04-15 12:47:01,0.6364,1510106,POINT (-148.9528834 69.1425983),69.1425983,-148.9528834
106,2017-04-15 12:47:01.75,0.6471,1510107,POINT (-148.9528967 69.1425917),69.1425917,-148.9528967
107,2017-04-15 12:47:02.25,0.5509,1510108,POINT (-148.952905 69.14258169999999),69.1425817,-148.952905
108,2017-04-15 12:47:02.75,0.6932,1510109,POINT (-148.9529083 69.14257499999999),69.142575,-148.9529083
109,2017-04-15 12:47:03.25,0.6296,1510110,POINT (-148.9529117 69.1425583),69.1425583,-148.9529117
110,2017-04-15 12:47:04,0.6071,1510111,POINT (-148.9529167 69.14255),69.14255,-148.9529167
111,2017-04-15 12:47:04.5,0.4997,1510112,POINT (-148.9529117 69.142545),69.142545,-148.9529117
112,2017-04-15 12:47:05.25,0.6043,1510113,POINT (-148.9529167 69.142535),69.142535,-148.9529167
113,2017-04-15 12:47:06.25,0.592,1510114,POINT (-148.952905 69.14252500000001),69.142525,-148.952905
114,2017-04-15 12:47:07,0.6077,1510115,POINT (-148.9529083 69.1425133),69.1425133,-148.9529083
115,2017-04-15 12:47:07.75,0.6611,1510116,POINT (-148.952905 69.142505),69.142505,-148.952905
116,2017-04-15 12:47:08.25,0.7264,1510117,POINT (-148.9528967 69.1424983),69.1424983,-148.9528967
117,2017-04-15 12:47:08.75,0.81,1510118,POINT (-148.95291 69.14249),69.14249,-148.95291
118,2017-04-15 12:47:09.25,0.805,1510119,POINT (-148.9529183 69.14248499999999),69.142485,-148.9529183
119,2017-04-15 12:47:09.75,0.7685,1510120,POINT (-148.9529083 69.1424717),69.1424717,-148.9529083
120,2017-04-15 12:47:10.25,0.892,1510121,POINT (-148.9529134 69.1424633),69.1424633,-148.9529134
121,2017-04-15 12:47:11,0.7725,1510122,POINT (-148.9528767 69.142445),69.142445,-148.9528767
122,2017-04-15 12:47:11.75,0.91,1510123,POINT (-148.9528716 69.1424317),69.1424317,-148.9528716
123,2017-04-15 12:47:12.25,0.97,1510124,POINT (-148.952875 69.142425),69.142425,-148.952875
124,2017-04-15 12:47:12.75,0.846,1510125,POINT (-148.95286 69.1424167),69.1424167,-148.95286
125,2017-04-15 12:47:13.25,0.7387,1510126,POINT (-148.9528583 69.1424167),69.1424167,-148.9528583
126,2017-04-15 12:47:14.25,0.7466,1510127,POINT (-148.952845 69.1424067),69.1424067,-148.952845
127,2017-04-15 12:47:15,0.6544,1510128,POINT (-148.952835 69.14239499999999),69.142395,-148.952835
128,2017-04-15 12:47:16,0.5717,1510129,POINT (-148.9525817 69.1431717),69.1431717,-148.9525817
129,2017-04-15 12:47:16.5,0.6212,1510130,POINT (-148.9525917 69.14316669999999),69.1431667,-148.9525917
130,2017-04-15 12:47:17,0.5126,1510131,POINT (-148.9525883 69.1431584),69.1431584,-148.9525883
131,2017-04-15 12:47:17.5,0.5526,1510132,POINT (-148.9525833 69.14315329999999),69.1431533,-148.9525833
132,2017-04-15 12:47:18,0.5453,1510133,POINT (-148.9525784 69.14314),69.14314,-148.9525784
133,2017-04-15 12:47:18.75,0.5509,1510134,POINT (-148.9525883 69.1431333),69.1431333,-148.9525883
134,2017-04-15 12:47:19.75,0.7038,1510135,POINT (-148.9525966 69.143125),69.143125,-148.9525966
135,2017-04-15 12:47:20.75,0.6037,1510136,POINT (-148.9525966 69.1431133),69.1431133,-148.9525966
136,2017-04-15 12:47:21.5,0.5593,1510137,POINT (-148.9525934 69.1431067),69.1431067,-148.9525934
137,2017-04-15 12:47:22.25,0.6026,1510138,POINT (-148.9525833 69.1430967),69.1430967,-148.9525833
138,2017-04-15 12:47:22.75,0.5638,1510139,POINT (-148.9525917 69.1430883),69.1430883,-148.9525917
139,2017-04-15 12:47:23.5,0.4783,1510140,POINT (-148.9525983 69.1430817),69.1430817,-148.9525983
140,2017-04-15 12:47:24,0.552,1510141,POINT (-148.95259 69.1430733),69.1430733,-148.95259
141,2017-04-15 12:47:24.75,0.5452,1510142,POINT (-148.9525934 69.14306329999999),69.1430633,-148.9525934
142,2017-04-15 12:47:25.25,0.457,1510143,POINT (-148.9525867 69.14306000000001),69.14306,-148.9525867
143,2017-04-15 12:47:26.75,0.5475,1510144,POINT (-148.9525784 69.14305),69.14305,-148.9525784
144,2017-04-15 12:47:27.5,0.4991,1510145,POINT (-148.9525717 69.14303),69.14303,-148.9525717
145,2017-04-15 12:47:28.5,0.507,1510146,POINT (-148.952585 69.1430167),69.1430167,-148.952585
146,2017-04-15 12:47:29.25,0.5649,1510147,POINT (-148.9525917 69.14301500000001),69.143015,-148.9525917
147,2017-04-15 12:47:30,0.6071,1510148,POINT (-148.9525817 69.143005),69.143005,-148.9525817
148,2017-04-15 12:47:30.5,0.6678,1510149,POINT (-148.9525867 69.1429983),69.1429983,-148.9525867
149,2017-04-15 12:47:31.25,0.6987,1510150,POINT (-148.952605 69.1429883),69.1429883,-148.952605
150,2017-04-15 12:47:32,0.6363,1510151,POINT (-148.9526083 69.14297999999999),69.14298,-148.9526083
151,2017-04-15 12:47:33,0.6504,1510152,POINT (-148.9526083 69.14296830000001),69.1429683,-148.9526083
152,2017-04-15 12:47:33.75,0.5379,1510153,POINT (-148.952615 69.142965),69.142965,-148.952615
153,2017-04-15 12:47:34.25,0.6358,1510154,POINT (-148.9526034 69.14296),69.14296,-148.9526034
154,2017-04-15 12:47:35,0.588,1510155,POINT (-148.9526017 69.1429583),69.1429583,-148.9526017
155,2017-04-15 12:47:35.5,0.5481,1510156,POINT (-148.952605 69.14295),69.14295,-148.952605
156,2017-04-15 12:47:36,0.5374,1510157,POINT (-148.9525983 69.14293499999999),69.142935,-148.9525983
157,2017-04-15 12:47:36.75,0.5852,1510158,POINT (-148.9526017 69.14292),69.14292,-148.9526017
158,2017-04-15 12:47:37.5,0.5576,1510159,POINT (-148.9525999 69.1429167),69.1429167,-148.9525999
159,2017-04-15 12:47:38.25,0.4215,1510160,POINT (-148.9526034 69.142905),69.142905,-148.9526034
160,2017-04-15 12:47:39,0.5469,1510161,POINT (-148.95261 69.1429017),69.1429017,-148.95261
161,2017-04-15 12:47:40,0.5194,1510162,POINT (-148.9526117 69.14289170000001),69.1428917,-148.9526117
162,2017-04-15 12:47:41,0.3535,1510163,POINT (-148.9526066 69.14288329999999),69.1428833,-148.9526066
163,2017-04-15 12:47:42,0.4232,1510164,POINT (-148.9525999 69.14287330000001),69.1428733,-148.9525999
164,2017-04-15 12:47:42.75,0.4654,1510165,POINT (-148.9526017 69.1428633),69.1428633,-148.9526017
165,2017-04-15 12:47:43.5,0.611,1510166,POINT (-148.9526233 69.1428533),69.1428533,-148.9526233
166,2017-04-15 12:47:44.25,0.5868,1510167,POINT (-148.952625 69.14284499999999),69.142845,-148.952625
167,2017-04-15 12:47:45,0.4356,1510168,POINT (-148.952625 69.14283500000001),69.142835,-148.952625
168,2017-04-15 12:47:45.75,0.5036,1510169,POINT (-148.9526167 69.1428317),69.1428317,-148.9526167
169,2017-04-15 12:47:46.5,0.6026,1510170,POINT (-148.9526083 69.1428233),69.1428233,-148.9526083
170,2017-04-15 12:47:47.25,0.6273,1510171,POINT (-148.9526133 69.1428117),69.1428117,-148.9526133
171,2017-04-15 12:47:48.25,0.5762,1510172,POINT (-148.9526066 69.1428033),69.1428033,-148.9526066
172,2017-04-15 12:47:49,0.5717,1510173,POINT (-148.9526017 69.1427983),69.1427983,-148.9526017
173,2017-04-15 12:47:49.75,0.5829,1510174,POINT (-148.9525883 69.1427817),69.1427817,-148.9525883
174,2017-04-15 12:47:50.75,0.5188,1510175,POINT (-148.952575 69.142775),69.142775,-148.952575
175,2017-04-15 12:47:51.5,0.6037,1510176,POINT (-148.9525766 69.1427667),69.1427667,-148.9525766
176,2017-04-15 12:47:52.25,0.7533,1510177,POINT (-148.9525883 69.14275670000001),69.1427567,-148.9525883
177,2017-04-15 12:47:53,0.814,1510178,POINT (-148.9525833 69.14275000000001),69.14275,-148.9525833
178,2017-04-15 12:47:53.75,0.879,1510179,POINT (-148.9525867 69.14274330000001),69.1427433,-148.9525867
179,2017-04-15 12:47:54.75,0.995,1510180,POINT (-148.9525817 69.1427367),69.1427367,-148.9525817
180,2017-04-15 12:47:55.5,1.174,1510181,POINT (-148.95258 69.14272),69.14272,-148.95258
181,2017-04-15 12:47:56.25,1.178,1510182,POINT (-148.952575 69.14270329999999),69.1427033,-148.952575
182,2017-04-15 12:47:57,1.2,1510183,POINT (-148.95258 69.1427017),69.1427017,-148.95258
183,2017-04-15 12:47:57.75,1.118,1510184,POINT (-148.9526017 69.1426867),69.1426867,-148.9526017
184,2017-04-15 12:47:58.75,1.033,1510185,POINT (-148.9526133 69.142675),69.142675,-148.9526133
185,2017-04-15 12:47:59.5,0.985,1510186,POINT (-148.9526117 69.1426617),69.1426617,-148.9526117
186,2017-04-15 12:48:00.25,1.027,1510187,POINT (-148.9526034 69.142655),69.142655,-148.9526034
187,2017-04-15 12:48:01,0.915,1510188,POINT (-148.9525917 69.14264),69.14264,-148.9525917
188,2017-04-15 12:48:01.75,0.949,1510189,POINT (-148.9525833 69.1426383),69.1426383,-148.9525833
189,2017-04-15 12:48:02.25,1.066,1510190,POINT (-148.952575 69.1426317),69.1426317,-148.952575
190,2017-04-15 12:48:03,1.074,1510191,POINT (-148.9525817 69.14262170000001),69.1426217,-148.9525817
191,2017-04-15 12:48:03.5,0.93,1510192,POINT (-148.9525583 69.14261329999999),69.1426133,-148.9525583
192,2017-04-15 12:48:04.25,0.902,1510193,POINT (-148.952555 69.14261),69.14261,-148.952555
193,2017-04-15 12:48:05,0.979,1510194,POINT (-148.9525534 69.1426),69.1426,-148.9525534
194,2017-04-15 12:48:05.5,0.796,1510195,POINT (-148.95256 69.14259),69.14259,-148.95256
195,2017-04-15 12:48:06,0.974,1510196,POINT (-148.952555 69.142595),69.142595,-148.952555
196,2017-04-15 12:48:06.75,0.944,1510197,POINT (-148.9525867 69.1425867),69.1425867,-148.9525867
197,2017-04-15 12:48:07.75,0.914,1510198,POINT (-148.9525717 69.14257670000001),69.1425767,-148.9525717
198,2017-04-15 12:48:08.5,0.819,1510199,POINT (-148.9525534 69.1425717),69.1425717,-148.9525534
199,2017-04-15 12:48:09.25,0.893,1510200,POINT (-148.95255 69.14256330000001),69.1425633,-148.95255
200,2017-04-15 12:48:10,0.849,1510201,POINT (-148.9525433 69.14255),69.14255,-148.9525433
201,2017-04-15 12:48:10.75,0.7431,1510202,POINT (-148.952545 69.1425433),69.1425433,-148.952545
202,2017-04-15 12:48:11.5,0.7993,1510203,POINT (-148.9525417 69.1425283),69.1425283,-148.9525417
203,2017-04-15 12:48:12,0.93,1510204,POINT (-148.9525384 69.14252329999999),69.1425233,-148.9525384
204,2017-04-15 12:48:12.5,0.7662,1510205,POINT (-148.9525366 69.14251830000001),69.1425183,-148.9525366
205,2017-04-15 12:48:13.25,0.906,1510206,POINT (-148.95252 69.1425083),69.1425083,-148.95252
206,2017-04-15 12:48:13.75,0.7639,1510207,POINT (-148.9525216 69.14247829999999),69.1424783,-148.9525216
207,2017-04-15 12:48:14.25,0.862,1510208,POINT (-148.9525083 69.142465),69.142465,-148.9525083
208,2017-04-15 12:48:15,0.997,1510209,POINT (-148.9525083 69.1424583),69.1424583,-148.9525083
209,2017-04-15 12:48:15.75,0.854,1510210,POINT (-148.9525183 69.1424433),69.1424433,-148.9525183
210,2017-04-15 12:48:16.5,0.919,1510211,POINT (-148.9525267 69.14243),69.14243,-148.9525267
211,2017-04-15 12:48:17.25,0.981,1510212,POINT (-148.9525216 69.1424133),69.1424133,-148.9525216
212,2017-04-15 12:48:18,0.861,1510213,POINT (-148.953275 69.14275170000001),69.1427517,-148.953275
213,2017-04-15 12:48:18.75,0.876,1510214,POINT (-148.953245 69.1427583),69.1427583,-148.953245
214,2017-04-15 12:48:19.5,0.803,1510215,POINT (-148.9532334 69.1427583),69.1427583,-148.9532334
215,2017-04-15 12:48:20.5,0.843,1510216,POINT (-148.9531734 69.14276),69.14276,-148.9531734
216,2017-04-15 12:48:21.25,0.843,1510217,POINT (-148.953145 69.14276169999999),69.1427617,-148.953145
217,2017-04-15 12:48:22.25,0.935,1510218,POINT (-148.9530834 69.1427683),69.1427683,-148.9530834
218,2017-04-15 12:48:23,0.7802,1510219,POINT (-148.9530383 69.1427717),69.1427717,-148.9530383
219,2017-04-15 12:48:23.5,0.897,1510220,POINT (-148.9530017 69.1427667),69.1427667,-148.9530017
220,2017-04-15 12:48:24.25,0.941,1510221,POINT (-148.9529517 69.14277),69.14277,-148.9529517
221,2017-04-15 12:48:25,0.892,1510222,POINT (-148.9529367 69.1427667),69.1427667,-148.9529367
222,2017-04-15 12:48:25.5,0.889,1510223,POINT (-148.9528967 69.1427733),69.1427733,-148.9528967
223,2017-04-15 12:48:26,0.7588,1510224,POINT (-148.952855 69.142775),69.142775,-148.952855
224,2017-04-15 12:48:26.75,0.769,1510225,POINT (-148.95282 69.14278),69.14278,-148.95282
225,2017-04-15 12:48:27.5,0.7133,1510226,POINT (-148.9527718 69.1427917),69.1427917,-148.9527718
226,2017-04-15 12:48:28.25,0.5694,1510227,POINT (-148.9527017 69.142805),69.142805,-148.9527017
227,2017-04-15 12:48:28.75,0.5649,1510228,POINT (-148.952655 69.142805),69.142805,-148.952655
228,2017-04-15 12:48:29.25,0.6318,1510229,POINT (-148.9526184 69.14280170000001),69.1428017,-148.9526184
229,2017-04-15 12:48:30,0.5868,1510230,POINT (-148.95259 69.14281),69.14281,-148.95259
230,2017-04-15 12:48:30.75,0.489,1510231,POINT (-148.9525401 69.1428033),69.1428033,-148.9525401
231,2017-04-15 12:48:31.5,0.5688,1510232,POINT (-148.952495 69.1428033),69.1428033,-148.952495
232,2017-04-15 12:48:32.25,0.5705,1510233,POINT (-148.9524717 69.1428033),69.1428033,-148.9524717
233,2017-04-15 12:48:32.75,0.5446,1510234,POINT (-148.9524383 69.14279999999999),69.1428,-148.9524383
234,2017-04-15 12:48:33.25,0.5666,1510235,POINT (-148.9524017 69.14279999999999),69.1428,-148.9524017
235,2017-04-15 12:48:33.75,0.5244,1510236,POINT (-148.9523566 69.14279999999999),69.1428,-148.9523566
236,2017-04-15 12:48:34.25,0.4395,1510237,POINT (-148.9523433 69.1428033),69.1428033,-148.9523433
237,2017-04-15 12:48:34.75,0.4519,1510238,POINT (-148.9522934 69.1428083),69.1428083,-148.9522934
238,2017-04-15 12:48:35.25,0.4575,1510239,POINT (-148.9522466 69.142805),69.142805,-148.9522466
239,2017-04-15 12:48:36.25,0.5705,1510240,POINT (-148.9522183 69.14280669999999),69.1428067,-148.9522183
240,2017-04-15 12:48:37,0.5446,1510241,POINT (-148.9521933 69.1428117),69.1428117,-148.9521933
241,2017-04-15 12:48:37.5,0.6329,1510242,POINT (-148.9521383 69.1428083),69.1428083,-148.9521383
242,2017-04-15 12:48:38.25,0.7729,1510243,POINT (-148.9521134 69.1428133),69.1428133,-148.9521134
243,2017-04-15 12:48:39,0.916,1510244,POINT (-148.9520683 69.1428167),69.1428167,-148.9520683
244,2017-04-15 12:48:39.5,0.887,1510245,POINT (-148.9520366 69.1428133),69.1428133,-148.9520366
245,2017-04-15 12:48:40,0.979,1510246,POINT (-148.95201 69.1428133),69.1428133,-148.95201
246,2017-04-15 12:48:40.75,0.909,1510247,POINT (-148.951985 69.1428133),69.1428133,-148.951985
247,2017-04-15 12:48:41.25,1.018,1510248,POINT (-148.951965 69.1428184),69.1428184,-148.951965
248,2017-04-15 12:48:42,1.09,1510249,POINT (-148.95191 69.1428184),69.1428184,-148.95191
249,2017-04-15 12:48:42.5,1.111,1510250,POINT (-148.9519017 69.1428233),69.1428233,-148.9519017
250,2017-04-15 12:48:43.25,1.043,1510251,POINT (-148.9518667 69.1428233),69.1428233,-148.9518667
251,2017-04-15 12:48:43.75,1.02,1510252,POINT (-148.9518467 69.14282),69.14282,-148.9518467
252,2017-04-15 12:48:44.25,1.193,1510253,POINT (-148.9517682 69.14282830000001),69.1428283,-148.9517682
253,2017-04-15 12:48:45,1.136,1510254,POINT (-148.951715 69.14283500000001),69.142835,-148.951715
254,2017-04-15 12:48:45.5,1.176,1510255,POINT (-148.9516633 69.14283829999999),69.1428383,-148.9516633
255,2017-04-15 12:48:46,1.169,1510256,POINT (-148.9516383 69.1428483),69.1428483,-148.9516383
256,2017-04-15 12:48:46.5,1.12,1510257,POINT (-148.9516067 69.14285169999999),69.1428517,-148.9516067
257,2017-04-15 12:48:47,1.095,1510258,POINT (-148.9515434 69.142865),69.142865,-148.9515434
258,2017-04-15 12:48:47.5,1.2,1510259,POINT (-148.9514967 69.1428667),69.1428667,-148.9514967
259,2017-04-15 12:48:48.25,1.2,1510260,POINT (-148.9514934 69.1428633),69.1428633,-148.9514934
260,2017-04-15 12:48:48.75,1.199,1510261,POINT (-148.9515034 69.1428633),69.1428633,-148.9515034
261,2017-04-15 12:48:49.75,1.2,1510262,POINT (-148.9514466 69.14286),69.14286,-148.9514466
262,2017-04-15 12:48:50.25,1.199,1510263,POINT (-148.95143 69.14287),69.14287,-148.95143
263,2017-04-15 12:48:51,1.033,1510264,POINT (-148.9513666 69.14287),69.14287,-148.9513666
264,2017-04-15 12:48:51.75,0.929,1510265,POINT (-148.9513334 69.1428683),69.1428683,-148.9513334
265,2017-04-15 12:48:52.25,1.004,1510266,POINT (-148.9512983 69.1428633),69.1428633,-148.9512983
266,2017-04-15 12:48:53,1.003,1510267,POINT (-148.9512634 69.14286),69.14286,-148.9512634
267,2017-04-15 12:48:53.5,1.063,1510268,POINT (-148.9512366 69.1428567),69.1428567,-148.9512366
268,2017-04-15 12:48:54.25,1.199,1510269,POINT (-148.9511667 69.1428667),69.1428667,-148.9511667
269,2017-04-15 12:48:55,1.14,1510270,POINT (-148.9511467 69.1428583),69.1428583,-148.9511467
270,2017-04-15 12:48:55.5,1.199,1510271,POINT (-148.951115 69.1428633),69.1428633,-148.951115
271,2017-04-15 12:48:56,0.936,1510272,POINT (-148.9510634 69.142875),69.142875,-148.9510634
272,2017-04-15 12:48:56.5,1.2,1510273,POINT (-148.9510134 69.14288329999999),69.1428833,-148.9510134
273,2017-04-15 12:48:57,1.199,1510274,POINT (-148.9509783 69.14288500000001),69.142885,-148.9509783
274,2017-04-15 12:48:58,1.199,1510275,POINT (-148.95093 69.14288999999999),69.14289,-148.95093
275,2017-04-15 12:48:59,1.199,1510276,POINT (-148.950885 69.14288999999999),69.14289,-148.950885
276,2017-04-15 12:48:59.75,1.199,1510277,POINT (-148.9508717 69.142895),69.142895,-148.9508717
277,2017-04-15 12:49:00.25,1.121,1510278,POINT (-148.9508367 69.1428817),69.1428817,-148.9508367
278,2017-04-15 12:49:00.75,1.062,1510279,POINT (-148.95081 69.14288670000001),69.1428867,-148.95081
279,2017-04-15 12:49:01.5,0.998,1510280,POINT (-148.9507583 69.14288500000001),69.142885,-148.9507583
280,2017-04-15 12:49:02,0.984,1510281,POINT (-148.9507034 69.14288670000001),69.1428867,-148.9507034
281,2017-04-15 12:49:03,1.003,1510282,POINT (-148.9506333 69.14289669999999),69.1428967,-148.9506333
282,2017-04-15 12:49:03.75,1.021,1510283,POINT (-148.9505866 69.1429033),69.1429033,-148.9505866
283,2017-04-15 12:49:04.25,0.979,1510284,POINT (-148.9505466 69.1429033),69.1429033,-148.9505466
284,2017-04-15 12:49:05,1.022,1510285,POINT (-148.9505133 69.1429),69.1429,-148.9505133
285,2017-04-15 12:49:05.75,0.963,1510286,POINT (-148.95047 69.1428983),69.1428983,-148.95047
286,2017-04-15 12:49:06.25,0.936,1510287,POINT (-148.9504417 69.1429),69.1429,-148.9504417
287,2017-04-15 12:49:06.75,1.017,1510288,POINT (-148.950405 69.14289170000001),69.1428917,-148.950405
288,2017-04-15 12:49:07.5,0.96,1510289,POINT (-148.9503467 69.14288999999999),69.14289,-148.9503467
289,2017-04-15 12:49:08.25,0.7064,1510290,POINT (-148.950315 69.1428933),69.1428933,-148.950315
290,2017-04-15 12:49:09.25,0.6722,1510291,POINT (-148.95028 69.14289170000001),69.1428917,-148.95028
291,2017-04-15 12:49:09.75,0.5243,1510292,POINT (-148.95024 69.142895),69.142895,-148.95024
292,2017-04-15 12:49:10.5,0.4889,1510293,POINT (-148.95021 69.1428933),69.1428933,-148.95021
293,2017-04-15 12:49:11.25,0.2989,1510294,POINT (-148.9501883 69.14289170000001),69.1428917,-148.9501883
294,2017-04-15 12:49:11.75,0.3675,1510295,POINT (-148.9501633 69.14289170000001),69.1428917,-148.9501633
295,2017-04-15 12:49:12.25,-0.0024,1510296,POINT (-148.950135 69.14288670000001),69.1428867,-148.950135
296,2017-04-15 12:49:13,-0.0019,1510297,POINT (-148.9501 69.14288670000001),69.1428867,-148.9501
297,2017-04-15 12:49:13.5,-0.0019,1510298,POINT (-148.9500783 69.14288670000001),69.1428867,-148.9500783
298,2017-04-15 12:49:14.25,0.2348,1510299,POINT (-148.950005 69.1428817),69.1428817,-148.950005
299,2017-04-15 12:49:14.75,0.2668,1510300,POINT (-148.9499883 69.14288329999999),69.1428833,-148.9499883
300,2017-04-15 12:49:15.5,0.4781,1510301,POINT (-148.9511383 69.1431633),69.1431633,-148.9511383
301,2017-04-15 12:49:16,0.4079,1510302,POINT (-148.9511383 69.1431633),69.1431633,-148.9511383
302,2017-04-15 12:49:16.75,0.4646,1510303,POINT (-148.95113 69.14314830000001),69.14314830000001,-148.95113
303,2017-04-15 12:49:17.75,0.4259,1510304,POINT (-148.951135 69.1431317),69.1431317,-148.951135
304,2017-04-15 12:49:18.5,0.5585,1510305,POINT (-148.9511467 69.14311669999999),69.1431167,-148.9511467
305,2017-04-15 12:49:19.25,0.4011,1510306,POINT (-148.9511467 69.14310500000001),69.143105,-148.9511467
306,2017-04-15 12:49:19.75,0.3179,1510307,POINT (-148.951145 69.1430967),69.1430967,-148.951145
307,2017-04-15 12:49:20.5,0.6288,1510308,POINT (-148.9511383 69.143085),69.143085,-148.9511383
308,2017-04-15 12:49:21.25,0.5973,1510309,POINT (-148.9511366 69.1430733),69.1430733,-148.9511366
309,2017-04-15 12:49:21.75,0.5444,1510310,POINT (-148.9511283 69.14305830000001),69.1430583,-148.9511283
310,2017-04-15 12:49:22.5,0.486,1510311,POINT (-148.9511334 69.1430467),69.1430467,-148.9511334
311,2017-04-15 12:49:23,0.4124,1510312,POINT (-148.9511234 69.1430367),69.1430367,-148.9511234
312,2017-04-15 12:49:23.75,0.5349,1510313,POINT (-148.951145 69.1430233),69.1430233,-148.951145
313,2017-04-15 12:49:24.5,0.4866,1510314,POINT (-148.9511334 69.14301330000001),69.1430133,-148.9511334
314,2017-04-15 12:49:25,0.586,1510315,POINT (-148.9511216 69.1430033),69.1430033,-148.9511216
315,2017-04-15 12:49:25.75,0.5467,1510316,POINT (-148.9511183 69.1430033),69.1430033,-148.9511183
316,2017-04-15 12:49:26.5,0.5012,1510317,POINT (-148.951115 69.1429967),69.1429967,-148.951115
317,2017-04-15 12:49:27.25,0.6046,1510318,POINT (-148.9511267 69.1429883),69.1429883,-148.9511267
318,2017-04-15 12:49:28,0.6389,1510319,POINT (-148.9511234 69.1429783),69.1429783,-148.9511234
319,2017-04-15 12:49:28.75,0.6214,1510320,POINT (-148.9511216 69.142965),69.142965,-148.9511216
320,2017-04-15 12:49:29.5,0.6653,1510321,POINT (-148.95113 69.1429567),69.1429567,-148.95113
321,2017-04-15 12:49:30.25,0.631,1510322,POINT (-148.95113 69.14294169999999),69.1429417,-148.95113
322,2017-04-15 12:49:31,0.833,1510323,POINT (-148.951125 69.1429217),69.1429217,-148.951125
323,2017-04-15 12:49:31.75,0.6642,1510324,POINT (-148.951125 69.142915),69.142915,-148.951125
324,2017-04-15 12:49:32.5,0.7417,1510325,POINT (-148.9511183 69.1429067),69.1429067,-148.9511183
325,2017-04-15 12:49:33.25,0.7946,1510326,POINT (-148.9511167 69.1429),69.1429,-148.9511167
326,2017-04-15 12:49:34,0.81,1510327,POINT (-148.9511234 69.1428933),69.1428933,-148.9511234
327,2017-04-15 12:49:34.5,1.004,1510328,POINT (-148.951105 69.14288000000001),69.14288,-148.951105
328,2017-04-15 12:49:35.25,1.136,1510329,POINT (-148.9511017 69.142865),69.142865,-148.9511017
329,2017-04-15 12:49:36,1.2,1510330,POINT (-148.951085 69.1428533),69.1428533,-148.951085
330,2017-04-15 12:49:36.75,1.2,1510331,POINT (-148.951065 69.14284670000001),69.1428467,-148.951065
331,2017-04-15 12:49:37.5,1.2,1510332,POINT (-148.9510534 69.1428617),69.1428617,-148.9510534
332,2017-04-15 12:49:38.25,1.2,1510333,POINT (-148.9510666 69.1428167),69.1428167,-148.9510666
333,2017-04-15 12:49:39,1.2,1510334,POINT (-148.95104 69.1428184),69.1428184,-148.95104
334,2017-04-15 12:49:40,1.199,1510335,POINT (-148.9510433 69.14279670000001),69.1427967,-148.9510433
335,2017-04-15 12:49:41,1.2,1510336,POINT (-148.9510534 69.1427767),69.1427767,-148.9510534
336,2017-04-15 12:49:41.75,1.199,1510337,POINT (-148.9510534 69.1427683),69.1427683,-148.9510534
337,2017-04-15 12:49:42.25,1.074,1510338,POINT (-148.951045 69.14275670000001),69.1427567,-148.951045
338,2017-04-15 12:49:43,1.011,1510339,POINT (-148.9510416 69.1427467),69.1427467,-148.9510416
339,2017-04-15 12:49:43.5,0.892,1510340,POINT (-148.9510566 69.1427333),69.1427333,-148.9510566
340,2017-04-15 12:49:44.25,0.7984,1510341,POINT (-148.951055 69.1427267),69.1427267,-148.951055
341,2017-04-15 12:49:44.75,0.7411,1510342,POINT (-148.9510717 69.14272),69.14272,-148.9510717
342,2017-04-15 12:49:45.5,0.6112,1510343,POINT (-148.9510517 69.1427133),69.1427133,-148.9510517
343,2017-04-15 12:49:46.25,0.7737,1510344,POINT (-148.9510317 69.1426967),69.1426967,-148.9510317
344,2017-04-15 12:49:47,0.5983,1510345,POINT (-148.9510266 69.1426783),69.1426783,-148.9510266
345,2017-04-15 12:49:47.75,0.5882,1510346,POINT (-148.9510266 69.1426733),69.1426733,-148.9510266
346,2017-04-15 12:49:48.5,0.5702,1510347,POINT (-148.95102 69.14266670000001),69.1426667,-148.95102
347,2017-04-15 12:49:49.25,0.6045,1510348,POINT (-148.9510166 69.14265330000001),69.1426533,-148.9510166
348,2017-04-15 12:49:50,0.5736,1510349,POINT (-148.9510183 69.142645),69.142645,-148.9510183
349,2017-04-15 12:49:51,0.6348,1510350,POINT (-148.9510266 69.1426233),69.1426233,-148.9510266
350,2017-04-15 12:49:51.75,0.754,1510351,POINT (-148.9510166 69.14261),69.14261,-148.9510166
351,2017-04-15 12:49:52.5,0.7523,1510352,POINT (-148.9510166 69.1425967),69.1425967,-148.9510166
352,2017-04-15 12:49:53.25,0.7113,1510353,POINT (-148.95102 69.1425883),69.1425883,-148.95102
353,2017-04-15 12:49:53.75,0.7427,1510354,POINT (-148.9510317 69.1425783),69.1425783,-148.9510317
354,2017-04-15 12:49:54.5,0.6495,1510355,POINT (-148.9510366 69.1425717),69.1425717,-148.9510366
355,2017-04-15 12:49:55,0.6714,1510356,POINT (-148.9510416 69.1425483),69.1425483,-148.9510416
356,2017-04-15 12:49:55.75,0.6416,1510357,POINT (-148.951045 69.1425417),69.1425417,-148.951045
357,2017-04-15 12:49:56.25,0.852,1510358,POINT (-148.9510384 69.1425383),69.1425383,-148.9510384
358,2017-04-15 12:49:57,0.806,1510359,POINT (-148.95102 69.1425133),69.1425133,-148.95102
359,2017-04-15 12:49:57.75,0.7894,1510360,POINT (-148.951025 69.1425033),69.1425033,-148.951025
