,ID,lat,lon,DateTime,Depth_m,geometry
9,1510001,69.14312,-148.9533766,2017-04-15 12:45:52.5,0.5251,POINT (-148.9533766 69.14312)
10,1510002,69.1431183,-148.9533784,2017-04-15 12:45:53.25,0.4813,POINT (-148.9533784 69.1431183)
11,1510003,69.1431017,-148.953345,2017-04-15 12:45:54,0.6916,POINT (-148.953345 69.1431017)
12,1510004,69.1430867,-148.9533234,2017-04-15 12:45:54.5,0.5094,POINT (-148.9533234 69.1430867)
13,1510005,69.1430617,-148.9533017,2017-04-15 12:45:55.25,0.6089,POINT (-148.9533017 69.1430617)
14,1510006,69.1430533,-148.9533183,2017-04-15 12:45:55.75,0.4621,POINT (-148.9533183 69.14305330000001)
15,1510007,69.1430367,-148.953335,2017-04-15 12:45:56.5,0.5532,POINT (-148.953335 69.1430367)
16,1510008,69.1430117,-148.9533417,2017-04-15 12:45:57.25,0.5757,POINT (-148.9533417 69.1430117)
17,1510009,69.1429934,-148.9533434,2017-04-15 12:45:58,0.5819,POINT (-148.9533434 69.14299339999999)
18,1510010,69.1429783,-148.9533434,2017-04-15 12:45:58.75,0.44530000000000003,POINT (-148.9533434 69.1429783)
19,1510011,69.1429533,-148.9533417,2017-04-15 12:45:59.5,0.6224000000000001,POINT (-148.9533417 69.1429533)
20,1510012,69.1429433,-148.95338,2017-04-15 12:46:00.25,0.5943,POINT (-148.95338 69.1429433)
21,1510013,69.1429167,-148.953365,2017-04-15 12:46:01,0.6455,POINT (-148.953365 69.1429167)
22,1510014,69.1429017,-148.95335,2017-04-15 12:46:01.75,0.6015999999999999,POINT (-148.95335 69.1429017)
23,1510015,69.1428817,-148.9533533,2017-04-15 12:46:02.5,0.628,POINT (-148.9533533 69.1428817)
24,1510016,69.1428667,-148.953355,2017-04-15 12:46:03,0.6753,POINT (-148.953355 69.1428667)
25,1510017,69.1428567,-148.9533567,2017-04-15 12:46:03.75,0.5195000000000001,POINT (-148.9533567 69.1428567)
26,1510018,69.14284,-148.9533533,2017-04-15 12:46:04.5,0.7,POINT (-148.9533533 69.14284000000001)
27,1510019,69.1428267,-148.95334,2017-04-15 12:46:05.25,0.5313,POINT (-148.95334 69.1428267)
28,1510020,69.14282,-148.9533333,2017-04-15 12:46:06,0.4914,POINT (-148.9533333 69.14282)
29,1510021,69.14281,-148.9533283,2017-04-15 12:46:06.75,0.5549000000000001,POINT (-148.9533283 69.14281)
30,1510022,69.1428,-148.9533234,2017-04-15 12:46:07.5,0.6899,POINT (-148.9533234 69.14279999999999)
31,1510023,69.1427817,-148.9533266,2017-04-15 12:46:08.25,0.6978,POINT (-148.9533266 69.1427817)
32,1510024,69.1427683,-148.9533167,2017-04-15 12:46:08.75,0.7923,POINT (-148.9533167 69.1427683)
33,1510025,69.1427533,-148.953305,2017-04-15 12:46:09.25,0.826,POINT (-148.953305 69.1427533)
34,1510026,69.14275,-148.9533066,2017-04-15 12:46:09.75,0.985,POINT (-148.9533066 69.14275000000001)
35,1510027,69.142735,-148.953285,2017-04-15 12:46:10.25,1.122,POINT (-148.953285 69.142735)
36,1510028,69.14272,-148.95328,2017-04-15 12:46:11,1.2,POINT (-148.95328 69.14272)
37,1510029,69.1426883,-148.953235,2017-04-15 12:46:11.75,1.2,POINT (-148.953235 69.1426883)
38,1510030,69.1426717,-148.9532634,2017-04-15 12:46:12.5,1.199,POINT (-148.9532634 69.14267169999999)
39,1510031,69.1426633,-148.9532683,2017-04-15 12:46:13,1.2,POINT (-148.9532683 69.1426633)
40,1510032,69.1426533,-148.9532317,2017-04-15 12:46:13.5,0.956,POINT (-148.9532317 69.14265330000001)
41,1510033,69.1426434,-148.9532183,2017-04-15 12:46:14,0.7956,POINT (-148.9532183 69.1426434)
42,1510034,69.1426283,-148.9532134,2017-04-15 12:46:14.5,0.6859000000000001,POINT (-148.9532134 69.1426283)
43,1510035,69.1426117,-148.9532083,2017-04-15 12:46:15,0.4632,POINT (-148.9532083 69.1426117)
44,1510036,69.1425983,-148.9531983,2017-04-15 12:46:15.5,0.3564,POINT (-148.9531983 69.1425983)
45,1510037,69.142585,-148.9531966,2017-04-15 12:46:16,0.5555,POINT (-148.9531966 69.142585)
46,1510038,69.142575,-148.9532234,2017-04-15 12:46:16.75,0.4756,POINT (-148.9532234 69.14257499999999)
47,1510039,69.1425433,-148.9532083,2017-04-15 12:46:17.5,0.4497,POINT (-148.9532083 69.1425433)
48,1510040,69.1425333,-148.95321,2017-04-15 12:46:18,0.4863,POINT (-148.95321 69.1425333)
49,1510041,69.1425167,-148.9532001,2017-04-15 12:46:18.5,0.48460000000000003,POINT (-148.9532001 69.1425167)
50,1510042,69.1424983,-148.953185,2017-04-15 12:46:19.25,0.3946,POINT (-148.953185 69.1424983)
51,1510043,69.142475,-148.9531683,2017-04-15 12:46:20,0.40700000000000003,POINT (-148.9531683 69.142475)
52,1510044,69.142465,-148.9531766,2017-04-15 12:46:20.75,0.48460000000000003,POINT (-148.9531766 69.142465)
53,1510045,69.1424517,-148.9531983,2017-04-15 12:46:21.5,0.4435,POINT (-148.9531983 69.1424517)
54,1510046,69.1424317,-148.9531934,2017-04-15 12:46:22,0.5307,POINT (-148.9531934 69.1424317)
55,1510047,69.1424183,-148.9531734,2017-04-15 12:46:22.5,0.49700000000000005,POINT (-148.9531734 69.1424183)
56,1510048,69.1424033,-148.9531601,2017-04-15 12:46:23.25,0.3693,POINT (-148.9531601 69.1424033)
57,1510049,69.1423883,-148.9531483,2017-04-15 12:46:24,0.5379999999999999,POINT (-148.9531483 69.14238829999999)
58,1510050,69.1431417,-148.9529934,2017-04-15 12:46:24.75,0.4531,POINT (-148.9529934 69.1431417)
59,1510051,69.143135,-148.9530083,2017-04-15 12:46:25.25,0.5025999999999999,POINT (-148.9530083 69.143135)
60,1510052,69.14312,-148.953,2017-04-15 12:46:26,0.5987,POINT (-148.953 69.14312)
61,1510053,69.1431033,-148.953,2017-04-15 12:46:26.75,0.5429999999999999,POINT (-148.953 69.14310330000001)
62,1510054,69.143095,-148.9529983,2017-04-15 12:46:27.5,0.5633,POINT (-148.9529983 69.143095)
63,1510055,69.1430817,-148.9529983,2017-04-15 12:46:28.25,0.44689999999999996,POINT (-148.9529983 69.1430817)
64,1510056,69.1430817,-148.95301,2017-04-15 12:46:28.75,0.5802,POINT (-148.95301 69.1430817)
65,1510057,69.14307,-148.953015,2017-04-15 12:46:29.5,0.5768,POINT (-148.953015 69.14306999999999)
66,1510058,69.1430583,-148.9530033,2017-04-15 12:46:30,0.5425,POINT (-148.9530033 69.14305830000001)
67,1510059,69.14305,-148.9530067,2017-04-15 12:46:30.5,0.525,POINT (-148.9530067 69.14305)
68,1510060,69.1430367,-148.9530116,2017-04-15 12:46:31.25,0.5565,POINT (-148.9530116 69.1430367)
69,1510061,69.1430283,-148.9530083,2017-04-15 12:46:32,0.5582,POINT (-148.9530083 69.1430283)
70,1510062,69.1430183,-148.9530067,2017-04-15 12:46:32.75,0.5841,POINT (-148.9530067 69.14301829999999)
71,1510063,69.14301,-148.9529917,2017-04-15 12:46:33.25,0.5515,POINT (-148.9529917 69.14301)
72,1510064,69.1429967,-148.9529983,2017-04-15 12:46:34,0.3608,POINT (-148.9529983 69.1429967)
73,1510065,69.1429867,-148.9530083,2017-04-15 12:46:34.5,0.5745,POINT (-148.9530083 69.14298669999999)
74,1510066,69.14298,-148.9530017,2017-04-15 12:46:35,0.6498999999999999,POINT (-148.9530017 69.14297999999999)
75,1510067,69.1429667,-148.9529817,2017-04-15 12:46:35.75,0.5998,POINT (-148.9529817 69.1429667)
76,1510068,69.142955,-148.95299,2017-04-15 12:46:36.25,0.6476000000000001,POINT (-148.95299 69.142955)
77,1510069,69.1429467,-148.9529917,2017-04-15 12:46:36.75,0.5914,POINT (-148.9529917 69.1429467)
78,1510070,69.1429433,-148.953,2017-04-15 12:46:37.5,0.5262,POINT (-148.953 69.1429433)
79,1510071,69.1429367,-148.9529866,2017-04-15 12:46:38,0.6263000000000001,POINT (-148.9529866 69.14293670000001)
80,1510072,69.142925,-148.952975,2017-04-15 12:46:38.5,0.5627,POINT (-148.952975 69.14292500000001)
81,1510073,69.1429183,-148.952965,2017-04-15 12:46:39.25,0.5734,POINT (-148.952965 69.14291830000001)
82,1510074,69.1429033,-148.95296,2017-04-15 12:46:39.75,0.5627,POINT (-148.95296 69.1429033)
83,1510075,69.1428983,-148.9529566,2017-04-15 12:46:40.5,0.6527,POINT (-148.9529566 69.1428983)
84,1510076,69.1428817,-148.9529617,2017-04-15 12:46:41,0.6904,POINT (-148.9529617 69.1428817)
85,1510077,69.1428767,-148.9529517,2017-04-15 12:46:42,0.66,POINT (-148.9529517 69.1428767)
86,1510078,69.142865,-148.9529434,2017-04-15 12:46:42.75,0.5312,POINT (-148.9529434 69.142865)
87,1510079,69.14286,-148.9529434,2017-04-15 12:46:43.5,0.6735,POINT (-148.9529434 69.14286)
88,1510080,69.1428467,-148.9529517,2017-04-15 12:46:44,0.7234999999999999,POINT (-148.9529517 69.14284670000001)
89,1510081,69.1428317,-148.9529434,2017-04-15 12:46:44.75,0.7854000000000001,POINT (-148.9529434 69.1428317)
90,1510082,69.142825,-148.9529383,2017-04-15 12:46:45.5,0.7854000000000001,POINT (-148.9529383 69.142825)
91,1510083,69.1428184,-148.9529383,2017-04-15 12:46:46,0.9259999999999999,POINT (-148.9529383 69.1428184)
92,1510084,69.1428017,-148.9529066,2017-04-15 12:46:47,0.9279999999999999,POINT (-148.9529066 69.14280170000001)
93,1510085,69.1427983,-148.95291,2017-04-15 12:46:47.75,0.8909999999999999,POINT (-148.95291 69.1427983)
94,1510086,69.1427783,-148.9529066,2017-04-15 12:46:48.5,0.943,POINT (-148.9529066 69.1427783)
95,1510087,69.1427667,-148.9529134,2017-04-15 12:46:49.25,1.01,POINT (-148.9529134 69.1427667)
96,1510088,69.1427617,-148.9529134,2017-04-15 12:46:49.75,0.889,POINT (-148.9529134 69.14276169999999)
97,1510089,69.14276,-148.9529083,2017-04-15 12:46:50.5,0.9620000000000001,POINT (-148.9529083 69.14276)
98,1510090,69.1427517,-148.9528917,2017-04-15 12:46:51.25,1.128,POINT (-148.9528917 69.14275170000001)
99,1510091,69.1427383,-148.9528917,2017-04-15 12:46:52,1.177,POINT (-148.9528917 69.1427383)
100,1510092,69.1427233,-148.9528834,2017-04-15 12:46:53,1.2,POINT (-148.9528834 69.1427233)
101,1510093,69.142715,-148.952905,2017-04-15 12:46:53.5,1.2,POINT (-148.952905 69.142715)
102,1510094,69.14271,-148.9529066,2017-04-15 12:46:54,1.2,POINT (-148.9529066 69.14270999999999)
103,1510095,69.1427033,-148.9529117,2017-04-15 12:46:54.75,1.1540000000000001,POINT (-148.9529117 69.14270329999999)
104,1510096,69.1426883,-148.952895,2017-04-15 12:46:55.25,0.946,POINT (-148.952895 69.1426883)
105,1510097,69.1426817,-148.952895,2017-04-15 12:46:55.75,0.889,POINT (-148.952895 69.1426817)
106,1510098,69.14267,-148.9528917,2017-04-15 12:46:56.5,0.802,POINT (-148.9528917 69.14267)
107,1510099,69.1426583,-148.952895,2017-04-15 12:46:57.25,0.7893000000000001,POINT (-148.952895 69.14265829999999)
108,1510100,69.142655,-148.9528866,2017-04-15 12:46:58,0.841,POINT (-148.9528866 69.142655)
109,1510101,69.1426483,-148.9528917,2017-04-15 12:46:58.5,0.7415,POINT (-148.9528917 69.1426483)
110,1510102,69.1426367,-148.9528817,2017-04-15 12:46:59,0.6470999999999999,POINT (-148.9528817 69.1426367)
111,1510103,69.1426233,-148.9528834,2017-04-15 12:46:59.5,0.5897,POINT (-148.9528834 69.1426233)
112,1510104,69.1426183,-148.952895,2017-04-15 12:47:00,0.6520999999999999,POINT (-148.952895 69.1426183)
113,1510105,69.1426067,-148.952885,2017-04-15 12:47:00.5,0.7071999999999999,POINT (-148.952885 69.1426067)
114,1510106,69.1425983,-148.9528834,2017-04-15 12:47:01,0.6364,POINT (-148.9528834 69.1425983)
115,1510107,69.1425917,-148.9528967,2017-04-15 12:47:01.75,0.6470999999999999,POINT (-148.9528967 69.1425917)
116,1510108,69.1425817,-148.952905,2017-04-15 12:47:02.25,0.5509000000000001,POINT (-148.952905 69.14258169999999)
117,1510109,69.142575,-148.9529083,2017-04-15 12:47:02.75,0.6931999999999999,POINT (-148.9529083 69.14257499999999)
118,1510110,69.1425583,-148.9529117,2017-04-15 12:47:03.25,0.6296,POINT (-148.9529117 69.1425583)
119,1510111,69.14255,-148.9529167,2017-04-15 12:47:04,0.6071,POINT (-148.9529167 69.14255)
120,1510112,69.142545,-148.9529117,2017-04-15 12:47:04.5,0.4997,POINT (-148.9529117 69.142545)
121,1510113,69.142535,-148.9529167,2017-04-15 12:47:05.25,0.6043,POINT (-148.9529167 69.142535)
122,1510114,69.142525,-148.952905,2017-04-15 12:47:06.25,0.5920000000000001,POINT (-148.952905 69.14252500000001)
123,1510115,69.1425133,-148.9529083,2017-04-15 12:47:07,0.6077,POINT (-148.9529083 69.1425133)
124,1510116,69.142505,-148.952905,2017-04-15 12:47:07.75,0.6611,POINT (-148.952905 69.142505)
125,1510117,69.1424983,-148.9528967,2017-04-15 12:47:08.25,0.7264,POINT (-148.9528967 69.1424983)
126,1510118,69.14249,-148.95291,2017-04-15 12:47:08.75,0.81,POINT (-148.95291 69.14249)
127,1510119,69.142485,-148.9529183,2017-04-15 12:47:09.25,0.805,POINT (-148.9529183 69.14248499999999)
128,1510120,69.1424717,-148.9529083,2017-04-15 12:47:09.75,0.7685,POINT (-148.9529083 69.1424717)
129,1510121,69.1424633,-148.9529134,2017-04-15 12:47:10.25,0.892,POINT (-148.9529134 69.1424633)
130,1510122,69.142445,-148.9528767,2017-04-15 12:47:11,0.7725,POINT (-148.9528767 69.142445)
131,1510123,69.1424317,-148.9528716,2017-04-15 12:47:11.75,0.91,POINT (-148.9528716 69.1424317)
132,1510124,69.142425,-148.952875,2017-04-15 12:47:12.25,0.97,POINT (-148.952875 69.142425)
133,1510125,69.1424167,-148.95286,2017-04-15 12:47:12.75,0.846,POINT (-148.95286 69.1424167)
134,1510126,69.1424167,-148.9528583,2017-04-15 12:47:13.25,0.7387,POINT (-148.9528583 69.1424167)
135,1510127,69.1424067,-148.952845,2017-04-15 12:47:14.25,0.7465999999999999,POINT (-148.952845 69.1424067)
136,1510128,69.142395,-148.952835,2017-04-15 12:47:15,0.6544,POINT (-148.952835 69.14239499999999)
137,1510129,69.1431717,-148.9525817,2017-04-15 12:47:16,0.5717,POINT (-148.9525817 69.1431717)
138,1510130,69.1431667,-148.9525917,2017-04-15 12:47:16.5,0.6212,POINT (-148.9525917 69.14316669999999)
139,1510131,69.1431584,-148.9525883,2017-04-15 12:47:17,0.5126,POINT (-148.9525883 69.1431584)
140,1510132,69.1431533,-148.9525833,2017-04-15 12:47:17.5,0.5526,POINT (-148.9525833 69.14315329999999)
141,1510133,69.14314,-148.9525784,2017-04-15 12:47:18,0.5453,POINT (-148.9525784 69.14314)
142,1510134,69.1431333,-148.9525883,2017-04-15 12:47:18.75,0.5509000000000001,POINT (-148.9525883 69.1431333)
143,1510135,69.143125,-148.9525966,2017-04-15 12:47:19.75,0.7038,POINT (-148.9525966 69.143125)
144,1510136,69.1431133,-148.9525966,2017-04-15 12:47:20.75,0.6037,POINT (-148.9525966 69.1431133)
145,1510137,69.1431067,-148.9525934,2017-04-15 12:47:21.5,0.5593,POINT (-148.9525934 69.1431067)
146,1510138,69.1430967,-148.9525833,2017-04-15 12:47:22.25,0.6026,POINT (-148.9525833 69.1430967)
147,1510139,69.1430883,-148.9525917,2017-04-15 12:47:22.75,0.5638000000000001,POINT (-148.9525917 69.1430883)
148,1510140,69.1430817,-148.9525983,2017-04-15 12:47:23.5,0.4783,POINT (-148.9525983 69.1430817)
149,1510141,69.1430733,-148.95259,2017-04-15 12:47:24,0.552,POINT (-148.95259 69.1430733)
150,1510142,69.1430633,-148.9525934,2017-04-15 12:47:24.75,0.5452,POINT (-148.9525934 69.14306329999999)
151,1510143,69.14306,-148.9525867,2017-04-15 12:47:25.25,0.457,POINT (-148.9525867 69.14306000000001)
152,1510144,69.14305,-148.9525784,2017-04-15 12:47:26.75,0.5475,POINT (-148.9525784 69.14305)
153,1510145,69.14303,-148.9525717,2017-04-15 12:47:27.5,0.4991,POINT (-148.9525717 69.14303)
154,1510146,69.1430167,-148.952585,2017-04-15 12:47:28.5,0.507,POINT (-148.952585 69.1430167)
155,1510147,69.143015,-148.9525917,2017-04-15 12:47:29.25,0.5649000000000001,POINT (-148.9525917 69.14301500000001)
156,1510148,69.143005,-148.9525817,2017-04-15 12:47:30,0.6071,POINT (-148.9525817 69.143005)
157,1510149,69.1429983,-148.9525867,2017-04-15 12:47:30.5,0.6678000000000001,POINT (-148.9525867 69.1429983)
158,1510150,69.1429883,-148.952605,2017-04-15 12:47:31.25,0.6987000000000001,POINT (-148.952605 69.1429883)
159,1510151,69.14298,-148.9526083,2017-04-15 12:47:32,0.6363,POINT (-148.9526083 69.14297999999999)
160,1510152,69.1429683,-148.9526083,2017-04-15 12:47:33,0.6504000000000001,POINT (-148.9526083 69.14296830000001)
161,1510153,69.142965,-148.952615,2017-04-15 12:47:33.75,0.5379,POINT (-148.952615 69.142965)
162,1510154,69.14296,-148.9526034,2017-04-15 12:47:34.25,0.6358,POINT (-148.9526034 69.14296)
163,1510155,69.1429583,-148.9526017,2017-04-15 12:47:35,0.588,POINT (-148.9526017 69.1429583)
164,1510156,69.14295,-148.952605,2017-04-15 12:47:35.5,0.5481,POINT (-148.952605 69.14295)
165,1510157,69.142935,-148.9525983,2017-04-15 12:47:36,0.5374,POINT (-148.9525983 69.14293499999999)
166,1510158,69.14292,-148.9526017,2017-04-15 12:47:36.75,0.5852,POINT (-148.9526017 69.14292)
167,1510159,69.1429167,-148.9525999,2017-04-15 12:47:37.5,0.5576,POINT (-148.9525999 69.1429167)
168,1510160,69.142905,-148.9526034,2017-04-15 12:47:38.25,0.4215,POINT (-148.9526034 69.142905)
169,1510161,69.1429017,-148.95261,2017-04-15 12:47:39,0.5468999999999999,POINT (-148.95261 69.1429017)
170,1510162,69.1428917,-148.9526117,2017-04-15 12:47:40,0.5194,POINT (-148.9526117 69.14289170000001)
171,1510163,69.1428833,-148.9526066,2017-04-15 12:47:41,0.35350000000000004,POINT (-148.9526066 69.14288329999999)
172,1510164,69.1428733,-148.9525999,2017-04-15 12:47:42,0.4232,POINT (-148.9525999 69.14287330000001)
173,1510165,69.1428633,-148.9526017,2017-04-15 12:47:42.75,0.4654,POINT (-148.9526017 69.1428633)
174,1510166,69.1428533,-148.9526233,2017-04-15 12:47:43.5,0.611,POINT (-148.9526233 69.1428533)
175,1510167,69.142845,-148.952625,2017-04-15 12:47:44.25,0.5868,POINT (-148.952625 69.14284499999999)
176,1510168,69.142835,-148.952625,2017-04-15 12:47:45,0.43560000000000004,POINT (-148.952625 69.14283500000001)
177,1510169,69.1428317,-148.9526167,2017-04-15 12:47:45.75,0.5036,POINT (-148.9526167 69.1428317)
178,1510170,69.1428233,-148.9526083,2017-04-15 12:47:46.5,0.6026,POINT (-148.9526083 69.1428233)
179,1510171,69.1428117,-148.9526133,2017-04-15 12:47:47.25,0.6273,POINT (-148.9526133 69.1428117)
180,1510172,69.1428033,-148.9526066,2017-04-15 12:47:48.25,0.5761999999999999,POINT (-148.9526066 69.1428033)
181,1510173,69.1427983,-148.9526017,2017-04-15 12:47:49,0.5717,POINT (-148.9526017 69.1427983)
182,1510174,69.1427817,-148.9525883,2017-04-15 12:47:49.75,0.5829,POINT (-148.9525883 69.1427817)
183,1510175,69.142775,-148.952575,2017-04-15 12:47:50.75,0.5188,POINT (-148.952575 69.142775)
184,1510176,69.1427667,-148.9525766,2017-04-15 12:47:51.5,0.6037,POINT (-148.9525766 69.1427667)
185,1510177,69.1427567,-148.9525883,2017-04-15 12:47:52.25,0.7533,POINT (-148.9525883 69.14275670000001)
186,1510178,69.14275,-148.9525833,2017-04-15 12:47:53,0.8140000000000001,POINT (-148.9525833 69.14275000000001)
187,1510179,69.1427433,-148.9525867,2017-04-15 12:47:53.75,0.879,POINT (-148.9525867 69.14274330000001)
188,1510180,69.1427367,-148.9525817,2017-04-15 12:47:54.75,0.995,POINT (-148.9525817 69.1427367)
189,1510181,69.14272,-148.95258,2017-04-15 12:47:55.5,1.1740000000000002,POINT (-148.95258 69.14272)
190,1510182,69.1427033,-148.952575,2017-04-15 12:47:56.25,1.178,POINT (-148.952575 69.14270329999999)
191,1510183,69.1427017,-148.95258,2017-04-15 12:47:57,1.2,POINT (-148.95258 69.1427017)
192,1510184,69.1426867,-148.9526017,2017-04-15 12:47:57.75,1.1179999999999999,POINT (-148.9526017 69.1426867)
193,1510185,69.142675,-148.9526133,2017-04-15 12:47:58.75,1.033,POINT (-148.9526133 69.142675)
194,1510186,69.1426617,-148.9526117,2017-04-15 12:47:59.5,0.985,POINT (-148.9526117 69.1426617)
195,1510187,69.142655,-148.9526034,2017-04-15 12:48:00.25,1.0270000000000001,POINT (-148.9526034 69.142655)
196,1510188,69.14264,-148.9525917,2017-04-15 12:48:01,0.915,POINT (-148.9525917 69.14264)
197,1510189,69.1426383,-148.9525833,2017-04-15 12:48:01.75,0.9490000000000001,POINT (-148.9525833 69.1426383)
198,1510190,69.1426317,-148.952575,2017-04-15 12:48:02.25,1.0659999999999998,POINT (-148.952575 69.1426317)
199,1510191,69.1426217,-148.9525817,2017-04-15 12:48:03,1.074,POINT (-148.9525817 69.14262170000001)
200,1510192,69.1426133,-148.9525583,2017-04-15 12:48:03.5,0.93,POINT (-148.9525583 69.14261329999999)
201,1510193,69.14261,-148.952555,2017-04-15 12:48:04.25,0.902,POINT (-148.952555 69.14261)
202,1510194,69.1426,-148.9525534,2017-04-15 12:48:05,0.9790000000000001,POINT (-148.9525534 69.1426)
203,1510195,69.14259,-148.95256,2017-04-15 12:48:05.5,0.7959999999999999,POINT (-148.95256 69.14259)
204,1510196,69.142595,-148.952555,2017-04-15 12:48:06,0.9740000000000001,POINT (-148.952555 69.142595)
205,1510197,69.1425867,-148.9525867,2017-04-15 12:48:06.75,0.9440000000000001,POINT (-148.9525867 69.1425867)
206,1510198,69.1425767,-148.9525717,2017-04-15 12:48:07.75,0.914,POINT (-148.9525717 69.14257670000001)
207,1510199,69.1425717,-148.9525534,2017-04-15 12:48:08.5,0.8190000000000001,POINT (-148.9525534 69.1425717)
208,1510200,69.1425633,-148.95255,2017-04-15 12:48:09.25,0.893,POINT (-148.95255 69.14256330000001)
209,1510201,69.14255,-148.9525433,2017-04-15 12:48:10,0.8490000000000001,POINT (-148.9525433 69.14255)
210,1510202,69.1425433,-148.952545,2017-04-15 12:48:10.75,0.7431,POINT (-148.952545 69.1425433)
211,1510203,69.1425283,-148.9525417,2017-04-15 12:48:11.5,0.7993000000000001,POINT (-148.9525417 69.1425283)
212,1510204,69.1425233,-148.9525384,2017-04-15 12:48:12,0.93,POINT (-148.9525384 69.14252329999999)
213,1510205,69.1425183,-148.9525366,2017-04-15 12:48:12.5,0.7662,POINT (-148.9525366 69.14251830000001)
214,1510206,69.1425083,-148.95252,2017-04-15 12:48:13.25,0.9059999999999999,POINT (-148.95252 69.1425083)
215,1510207,69.1424783,-148.9525216,2017-04-15 12:48:13.75,0.7639,POINT (-148.9525216 69.14247829999999)
216,1510208,69.142465,-148.9525083,2017-04-15 12:48:14.25,0.862,POINT (-148.9525083 69.142465)
217,1510209,69.1424583,-148.9525083,2017-04-15 12:48:15,0.997,POINT (-148.9525083 69.1424583)
218,1510210,69.1424433,-148.9525183,2017-04-15 12:48:15.75,0.8540000000000001,POINT (-148.9525183 69.1424433)
219,1510211,69.14243,-148.9525267,2017-04-15 12:48:16.5,0.919,POINT (-148.9525267 69.14243)
220,1510212,69.1424133,-148.9525216,2017-04-15 12:48:17.25,0.981,POINT (-148.9525216 69.1424133)
221,1510213,69.1427517,-148.953275,2017-04-15 12:48:18,0.861,POINT (-148.953275 69.14275170000001)
222,1510214,69.1427583,-148.953245,2017-04-15 12:48:18.75,0.8759999999999999,POINT (-148.953245 69.1427583)
223,1510215,69.1427583,-148.9532334,2017-04-15 12:48:19.5,0.8029999999999999,POINT (-148.9532334 69.1427583)
224,1510216,69.14276,-148.9531734,2017-04-15 12:48:20.5,0.843,POINT (-148.9531734 69.14276)
225,1510217,69.1427617,-148.953145,2017-04-15 12:48:21.25,0.843,POINT (-148.953145 69.14276169999999)
226,1510218,69.1427683,-148.9530834,2017-04-15 12:48:22.25,0.935,POINT (-148.9530834 69.1427683)
227,1510219,69.1427717,-148.9530383,2017-04-15 12:48:23,0.7802,POINT (-148.9530383 69.1427717)
228,1510220,69.1427667,-148.9530017,2017-04-15 12:48:23.5,0.897,POINT (-148.9530017 69.1427667)
229,1510221,69.14277,-148.9529517,2017-04-15 12:48:24.25,0.941,POINT (-148.9529517 69.14277)
230,1510222,69.1427667,-148.9529367,2017-04-15 12:48:25,0.892,POINT (-148.9529367 69.1427667)
231,1510223,69.1427733,-148.9528967,2017-04-15 12:48:25.5,0.889,POINT (-148.9528967 69.1427733)
232,1510224,69.142775,-148.952855,2017-04-15 12:48:26,0.7587999999999999,POINT (-148.952855 69.142775)
233,1510225,69.14278,-148.95282,2017-04-15 12:48:26.75,0.769,POINT (-148.95282 69.14278)
234,1510226,69.1427917,-148.9527718,2017-04-15 12:48:27.5,0.7132999999999999,POINT (-148.9527718 69.1427917)
235,1510227,69.142805,-148.9527017,2017-04-15 12:48:28.25,0.5694,POINT (-148.9527017 69.142805)
236,1510228,69.142805,-148.952655,2017-04-15 12:48:28.75,0.5649000000000001,POINT (-148.952655 69.142805)
237,1510229,69.1428017,-148.9526184,2017-04-15 12:48:29.25,0.6318,POINT (-148.9526184 69.14280170000001)
238,1510230,69.14281,-148.95259,2017-04-15 12:48:30,0.5868,POINT (-148.95259 69.14281)
239,1510231,69.1428033,-148.9525401,2017-04-15 12:48:30.75,0.489,POINT (-148.9525401 69.1428033)
240,1510232,69.1428033,-148.952495,2017-04-15 12:48:31.5,0.5688,POINT (-148.952495 69.1428033)
241,1510233,69.1428033,-148.9524717,2017-04-15 12:48:32.25,0.5705,POINT (-148.9524717 69.1428033)
242,1510234,69.1428,-148.9524383,2017-04-15 12:48:32.75,0.5446,POINT (-148.9524383 69.14279999999999)
243,1510235,69.1428,-148.9524017,2017-04-15 12:48:33.25,0.5666,POINT (-148.9524017 69.14279999999999)
244,1510236,69.1428,-148.9523566,2017-04-15 12:48:33.75,0.5244,POINT (-148.9523566 69.14279999999999)
245,1510237,69.1428033,-148.9523433,2017-04-15 12:48:34.25,0.4395,POINT (-148.9523433 69.1428033)
246,1510238,69.1428083,-148.9522934,2017-04-15 12:48:34.75,0.45189999999999997,POINT (-148.9522934 69.1428083)
247,1510239,69.142805,-148.9522466,2017-04-15 12:48:35.25,0.4575,POINT (-148.9522466 69.142805)
248,1510240,69.1428067,-148.9522183,2017-04-15 12:48:36.25,0.5705,POINT (-148.9522183 69.14280669999999)
249,1510241,69.1428117,-148.9521933,2017-04-15 12:48:37,0.5446,POINT (-148.9521933 69.1428117)
250,1510242,69.1428083,-148.9521383,2017-04-15 12:48:37.5,0.6329,POINT (-148.9521383 69.1428083)
251,1510243,69.1428133,-148.9521134,2017-04-15 12:48:38.25,0.7729,POINT (-148.9521134 69.1428133)
252,1510244,69.1428167,-148.9520683,2017-04-15 12:48:39,0.9159999999999999,POINT (-148.9520683 69.1428167)
253,1510245,69.1428133,-148.9520366,2017-04-15 12:48:39.5,0.887,POINT (-148.9520366 69.1428133)
254,1510246,69.1428133,-148.95201,2017-04-15 12:48:40,0.9790000000000001,POINT (-148.95201 69.1428133)
255,1510247,69.1428133,-148.951985,2017-04-15 12:48:40.75,0.909,POINT (-148.951985 69.1428133)
256,1510248,69.1428184,-148.951965,2017-04-15 12:48:41.25,1.018,POINT (-148.951965 69.1428184)
257,1510249,69.1428184,-148.95191,2017-04-15 12:48:42,1.09,POINT (-148.95191 69.1428184)
258,1510250,69.1428233,-148.9519017,2017-04-15 12:48:42.5,1.111,POINT (-148.9519017 69.1428233)
259,1510251,69.1428233,-148.9518667,2017-04-15 12:48:43.25,1.043,POINT (-148.9518667 69.1428233)
260,1510252,69.14282,-148.9518467,2017-04-15 12:48:43.75,1.02,POINT (-148.9518467 69.14282)
261,1510253,69.1428283,-148.9517682,2017-04-15 12:48:44.25,1.193,POINT (-148.9517682 69.14282830000001)
262,1510254,69.142835,-148.951715,2017-04-15 12:48:45,1.136,POINT (-148.951715 69.14283500000001)
263,1510255,69.1428383,-148.9516633,2017-04-15 12:48:45.5,1.176,POINT (-148.9516633 69.14283829999999)
264,1510256,69.1428483,-148.9516383,2017-04-15 12:48:46,1.169,POINT (-148.9516383 69.1428483)
265,1510257,69.1428517,-148.9516067,2017-04-15 12:48:46.5,1.12,POINT (-148.9516067 69.14285169999999)
266,1510258,69.142865,-148.9515434,2017-04-15 12:48:47,1.095,POINT (-148.9515434 69.142865)
267,1510259,69.1428667,-148.9514967,2017-04-15 12:48:47.5,1.2,POINT (-148.9514967 69.1428667)
268,1510260,69.1428633,-148.9514934,2017-04-15 12:48:48.25,1.2,POINT (-148.9514934 69.1428633)
269,1510261,69.1428633,-148.9515034,2017-04-15 12:48:48.75,1.199,POINT (-148.9515034 69.1428633)
270,1510262,69.14286,-148.9514466,2017-04-15 12:48:49.75,1.2,POINT (-148.9514466 69.14286)
271,1510263,69.14287,-148.95143,2017-04-15 12:48:50.25,1.199,POINT (-148.95143 69.14287)
272,1510264,69.14287,-148.9513666,2017-04-15 12:48:51,1.033,POINT (-148.9513666 69.14287)
273,1510265,69.1428683,-148.9513334,2017-04-15 12:48:51.75,0.929,POINT (-148.9513334 69.1428683)
274,1510266,69.1428633,-148.9512983,2017-04-15 12:48:52.25,1.004,POINT (-148.9512983 69.1428633)
275,1510267,69.14286,-148.9512634,2017-04-15 12:48:53,1.003,POINT (-148.9512634 69.14286)
276,1510268,69.1428567,-148.9512366,2017-04-15 12:48:53.5,1.063,POINT (-148.9512366 69.1428567)
277,1510269,69.1428667,-148.9511667,2017-04-15 12:48:54.25,1.199,POINT (-148.9511667 69.1428667)
278,1510270,69.1428583,-148.9511467,2017-04-15 12:48:55,1.14,POINT (-148.9511467 69.1428583)
279,1510271,69.1428633,-148.951115,2017-04-15 12:48:55.5,1.199,POINT (-148.951115 69.1428633)
280,1510272,69.142875,-148.9510634,2017-04-15 12:48:56,0.9359999999999999,POINT (-148.9510634 69.142875)
281,1510273,69.1428833,-148.9510134,2017-04-15 12:48:56.5,1.2,POINT (-148.9510134 69.14288329999999)
282,1510274,69.142885,-148.9509783,2017-04-15 12:48:57,1.199,POINT (-148.9509783 69.14288500000001)
283,1510275,69.14289,-148.95093,2017-04-15 12:48:58,1.199,POINT (-148.95093 69.14288999999999)
284,1510276,69.14289,-148.950885,2017-04-15 12:48:59,1.199,POINT (-148.950885 69.14288999999999)
285,1510277,69.142895,-148.9508717,2017-04-15 12:48:59.75,1.199,POINT (-148.9508717 69.142895)
286,1510278,69.1428817,-148.9508367,2017-04-15 12:49:00.25,1.121,POINT (-148.9508367 69.1428817)
287,1510279,69.1428867,-148.95081,2017-04-15 12:49:00.75,1.062,POINT (-148.95081 69.14288670000001)
288,1510280,69.142885,-148.9507583,2017-04-15 12:49:01.5,0.998,POINT (-148.9507583 69.14288500000001)
289,1510281,69.1428867,-148.9507034,2017-04-15 12:49:02,0.9840000000000001,POINT (-148.9507034 69.14288670000001)
290,1510282,69.1428967,-148.9506333,2017-04-15 12:49:03,1.003,POINT (-148.9506333 69.14289669999999)
291,1510283,69.1429033,-148.9505866,2017-04-15 12:49:03.75,1.021,POINT (-148.9505866 69.1429033)
292,1510284,69.1429033,-148.9505466,2017-04-15 12:49:04.25,0.9790000000000001,POINT (-148.9505466 69.1429033)
293,1510285,69.1429,-148.9505133,2017-04-15 12:49:05,1.022,POINT (-148.9505133 69.1429)
294,1510286,69.1428983,-148.95047,2017-04-15 12:49:05.75,0.963,POINT (-148.95047 69.1428983)
295,1510287,69.1429,-148.9504417,2017-04-15 12:49:06.25,0.9359999999999999,POINT (-148.9504417 69.1429)
296,1510288,69.1428917,-148.950405,2017-04-15 12:49:06.75,1.0170000000000001,POINT (-148.950405 69.14289170000001)
297,1510289,69.14289,-148.9503467,2017-04-15 12:49:07.5,0.96,POINT (-148.9503467 69.14288999999999)
298,1510290,69.1428933,-148.950315,2017-04-15 12:49:08.25,0.7064,POINT (-148.950315 69.1428933)
299,1510291,69.1428917,-148.95028,2017-04-15 12:49:09.25,0.6722,POINT (-148.95028 69.14289170000001)
300,1510292,69.142895,-148.95024,2017-04-15 12:49:09.75,0.5243,POINT (-148.95024 69.142895)
301,1510293,69.1428933,-148.95021,2017-04-15 12:49:10.5,0.4889,POINT (-148.95021 69.1428933)
302,1510294,69.1428917,-148.9501883,2017-04-15 12:49:11.25,0.2989,POINT (-148.9501883 69.14289170000001)
303,1510295,69.1428917,-148.9501633,2017-04-15 12:49:11.75,0.3675,POINT (-148.9501633 69.14289170000001)
304,1510296,69.1428867,-148.950135,2017-04-15 12:49:12.25,-0.0024,POINT (-148.950135 69.14288670000001)
305,1510297,69.1428867,-148.9501,2017-04-15 12:49:13,-0.0019,POINT (-148.9501 69.14288670000001)
306,1510298,69.1428867,-148.9500783,2017-04-15 12:49:13.5,-0.0019,POINT (-148.9500783 69.14288670000001)
307,1510299,69.1428817,-148.950005,2017-04-15 12:49:14.25,0.2348,POINT (-148.950005 69.1428817)
308,1510300,69.1428833,-148.9499883,2017-04-15 12:49:14.75,0.2668,POINT (-148.9499883 69.14288329999999)
309,1510301,69.1431633,-148.9511383,2017-04-15 12:49:15.5,0.4781,POINT (-148.9511383 69.1431633)
310,1510302,69.1431633,-148.9511383,2017-04-15 12:49:16,0.4079,POINT (-148.9511383 69.1431633)
311,1510303,69.14314830000001,-148.95113,2017-04-15 12:49:16.75,0.4646,POINT (-148.95113 69.14314830000001)
312,1510304,69.1431317,-148.951135,2017-04-15 12:49:17.75,0.42590000000000006,POINT (-148.951135 69.1431317)
313,1510305,69.1431167,-148.9511467,2017-04-15 12:49:18.5,0.5585,POINT (-148.9511467 69.14311669999999)
314,1510306,69.143105,-148.9511467,2017-04-15 12:49:19.25,0.4011,POINT (-148.9511467 69.14310500000001)
315,1510307,69.1430967,-148.951145,2017-04-15 12:49:19.75,0.3179,POINT (-148.951145 69.1430967)
316,1510308,69.143085,-148.9511383,2017-04-15 12:49:20.5,0.6288,POINT (-148.9511383 69.143085)
317,1510309,69.1430733,-148.9511366,2017-04-15 12:49:21.25,0.5972999999999999,POINT (-148.9511366 69.1430733)
318,1510310,69.1430583,-148.9511283,2017-04-15 12:49:21.75,0.5444,POINT (-148.9511283 69.14305830000001)
319,1510311,69.1430467,-148.9511334,2017-04-15 12:49:22.5,0.486,POINT (-148.9511334 69.1430467)
320,1510312,69.1430367,-148.9511234,2017-04-15 12:49:23,0.41240000000000004,POINT (-148.9511234 69.1430367)
321,1510313,69.1430233,-148.951145,2017-04-15 12:49:23.75,0.5349,POINT (-148.951145 69.1430233)
322,1510314,69.1430133,-148.9511334,2017-04-15 12:49:24.5,0.4866,POINT (-148.9511334 69.14301330000001)
323,1510315,69.1430033,-148.9511216,2017-04-15 12:49:25,0.586,POINT (-148.9511216 69.1430033)
324,1510316,69.1430033,-148.9511183,2017-04-15 12:49:25.75,0.5467,POINT (-148.9511183 69.1430033)
325,1510317,69.1429967,-148.951115,2017-04-15 12:49:26.5,0.5012,POINT (-148.951115 69.1429967)
326,1510318,69.1429883,-148.9511267,2017-04-15 12:49:27.25,0.6046,POINT (-148.9511267 69.1429883)
327,1510319,69.1429783,-148.9511234,2017-04-15 12:49:28,0.6389,POINT (-148.9511234 69.1429783)
328,1510320,69.142965,-148.9511216,2017-04-15 12:49:28.75,0.6214,POINT (-148.9511216 69.142965)
329,1510321,69.1429567,-148.95113,2017-04-15 12:49:29.5,0.6653,POINT (-148.95113 69.1429567)
330,1510322,69.1429417,-148.95113,2017-04-15 12:49:30.25,0.631,POINT (-148.95113 69.14294169999999)
331,1510323,69.1429217,-148.951125,2017-04-15 12:49:31,0.833,POINT (-148.951125 69.1429217)
332,1510324,69.142915,-148.951125,2017-04-15 12:49:31.75,0.6642,POINT (-148.951125 69.142915)
333,1510325,69.1429067,-148.9511183,2017-04-15 12:49:32.5,0.7417,POINT (-148.9511183 69.1429067)
334,1510326,69.1429,-148.9511167,2017-04-15 12:49:33.25,0.7946,POINT (-148.9511167 69.1429)
335,1510327,69.1428933,-148.9511234,2017-04-15 12:49:34,0.81,POINT (-148.9511234 69.1428933)
336,1510328,69.14288,-148.951105,2017-04-15 12:49:34.5,1.004,POINT (-148.951105 69.14288000000001)
337,1510329,69.142865,-148.9511017,2017-04-15 12:49:35.25,1.136,POINT (-148.9511017 69.142865)
338,1510330,69.1428533,-148.951085,2017-04-15 12:49:36,1.2,POINT (-148.951085 69.1428533)
339,1510331,69.1428467,-148.951065,2017-04-15 12:49:36.75,1.2,POINT (-148.951065 69.14284670000001)
340,1510332,69.1428617,-148.9510534,2017-04-15 12:49:37.5,1.2,POINT (-148.9510534 69.1428617)
341,1510333,69.1428167,-148.9510666,2017-04-15 12:49:38.25,1.2,POINT (-148.9510666 69.1428167)
342,1510334,69.1428184,-148.95104,2017-04-15 12:49:39,1.2,POINT (-148.95104 69.1428184)
343,1510335,69.1427967,-148.9510433,2017-04-15 12:49:40,1.199,POINT (-148.9510433 69.14279670000001)
344,1510336,69.1427767,-148.9510534,2017-04-15 12:49:41,1.2,POINT (-148.9510534 69.1427767)
345,1510337,69.1427683,-148.9510534,2017-04-15 12:49:41.75,1.199,POINT (-148.9510534 69.1427683)
346,1510338,69.1427567,-148.951045,2017-04-15 12:49:42.25,1.074,POINT (-148.951045 69.14275670000001)
347,1510339,69.1427467,-148.9510416,2017-04-15 12:49:43,1.011,POINT (-148.9510416 69.1427467)
348,1510340,69.1427333,-148.9510566,2017-04-15 12:49:43.5,0.892,POINT (-148.9510566 69.1427333)
349,1510341,69.1427267,-148.951055,2017-04-15 12:49:44.25,0.7984,POINT (-148.951055 69.1427267)
350,1510342,69.14272,-148.9510717,2017-04-15 12:49:44.75,0.7411,POINT (-148.9510717 69.14272)
351,1510343,69.1427133,-148.9510517,2017-04-15 12:49:45.5,0.6112,POINT (-148.9510517 69.1427133)
352,1510344,69.1426967,-148.9510317,2017-04-15 12:49:46.25,0.7737,POINT (-148.9510317 69.1426967)
353,1510345,69.1426783,-148.9510266,2017-04-15 12:49:47,0.5982999999999999,POINT (-148.9510266 69.1426783)
354,1510346,69.1426733,-148.9510266,2017-04-15 12:49:47.75,0.5882000000000001,POINT (-148.9510266 69.1426733)
355,1510347,69.1426667,-148.95102,2017-04-15 12:49:48.5,0.5702,POINT (-148.95102 69.14266670000001)
356,1510348,69.1426533,-148.9510166,2017-04-15 12:49:49.25,0.6045,POINT (-148.9510166 69.14265330000001)
357,1510349,69.142645,-148.9510183,2017-04-15 12:49:50,0.5736,POINT (-148.9510183 69.142645)
358,1510350,69.1426233,-148.9510266,2017-04-15 12:49:51,0.6347999999999999,POINT (-148.9510266 69.1426233)
359,1510351,69.14261,-148.9510166,2017-04-15 12:49:51.75,0.754,POINT (-148.9510166 69.14261)
360,1510352,69.1425967,-148.9510166,2017-04-15 12:49:52.5,0.7523000000000001,POINT (-148.9510166 69.1425967)
361,1510353,69.1425883,-148.95102,2017-04-15 12:49:53.25,0.7112999999999999,POINT (-148.95102 69.1425883)
362,1510354,69.1425783,-148.9510317,2017-04-15 12:49:53.75,0.7426999999999999,POINT (-148.9510317 69.1425783)
363,1510355,69.1425717,-148.9510366,2017-04-15 12:49:54.5,0.6495000000000001,POINT (-148.9510366 69.1425717)
364,1510356,69.1425483,-148.9510416,2017-04-15 12:49:55,0.6714,POINT (-148.9510416 69.1425483)
365,1510357,69.1425417,-148.951045,2017-04-15 12:49:55.75,0.6416,POINT (-148.951045 69.1425417)
366,1510358,69.1425383,-148.9510384,2017-04-15 12:49:56.25,0.852,POINT (-148.9510384 69.1425383)
367,1510359,69.1425133,-148.95102,2017-04-15 12:49:57,0.8059999999999999,POINT (-148.95102 69.1425133)
368,1510360,69.1425033,-148.951025,2017-04-15 12:49:57.75,0.7894,POINT (-148.951025 69.1425033)
